subject,id,task,num,severity,flags,question
prm,1,re,1,P1,"half_translated_question","Which widget pattern protects authenticated routes?"
prm,6,re,6,P1,"generic_concept;half_translated_question","Which widget enables custom scroll effects in Flutter?"
prm,7,re,7,P1,"half_translated_question","Which practice improves rendering performance?"
prm,11,re,11,P1,"half_translated_question","Which concept does BLoC heavily rely on?"
prm,14,re,14,P1,"generic_concept;half_translated_question","Which Flutter plugin provides SQLite support?"
prm,15,re,15,P1,"half_translated_question","What is the main benefit of using Maps in Dart?"
prm,16,re,16,P1,"half_translated_question","Which tool helps analyze UI performance in Flutter?"
prm,17,re,17,P1,"half_translated_question","What does a Dart class primarily represent?"
prm,21,re,21,P1,"half_translated_question","What does TextEditingController manage?"
prm,22,re,22,P1,"half_translated_question","Why is Dart considered suitable for Flutter development?"
prm,25,re,25,P1,"half_translated_question","What is Cubit in BLoC?"
prm,26,re,26,P1,"half_translated_question","Which activity is typically performed after creating a new Flutter project?"
prm,27,re,27,P1,"generic_concept","Which practice improves deployment security?"
prm,30,re,30,P1,"half_translated_question","Which method is used to update the UI when state changes?"
prm,31,re,31,P1,"half_translated_question","Which Flutter package is commonly used for simple key-value storage?"
prm,34,re,34,P1,"half_translated_question","Which widget helps avoid rebuilding unchanged UI parts?"
prm,35,re,35,P1,"generic_concept","Which widget is used to handle asynchronous API responses in UI?"
prm,36,re,36,P1,"half_translated_question","Which Dart feature helps organize code into reusable libraries?"
prm,37,re,37,P1,"half_translated_question","What is refresh token used for?"
prm,38,re,38,P1,"half_translated_question","What is rebuild scope optimization in Flutter?"
prm,40,re,40,P1,"generic_concept;half_translated_question","Which widget reacts to async data from local storage?"
prm,41,re,41,P1,"generic_concept","What is a token in authentication systems?"
prm,43,re,43,P1,"half_translated_question","Which Dart feature allows defining reusable, type-safe components?"
prm,44,re,44,P1,"half_translated_question","Which widget animates between two widgets?"
prm,47,re,47,P1,"half_translated_question","What does crossAxisAlignment control?"
prm,48,re,48,P0,"banned_phrase","Which tool is commonly used for version control?"
prm,50,fe,2,P1,"half_translated_question","What is Dart primarily designed for in the Flutter ecosystem?"
prm,53,fe,5,P1,"half_translated_question","What happens if a non-nullable variable is not initialized in Dart?"
prm,55,fe,7,P1,"half_translated_question","Which widget allows overlapping of its child widgets?"
prm,57,fe,9,P1,"half_translated_question","What is the main risk of improper state management?"
prm,58,fe,10,P1,"half_translated_question","What does CurvedAnimation provide?"
prm,59,fe,11,P1,"generic_concept","How can data be passed to a new screen?"
prm,61,fe,13,P1,"generic_concept;half_translated_question","Which phase involves gathering requirements?"
prm,62,fe,14,P1,"generic_concept;half_translated_question","Which Flutter tool helps debug network requests?"
prm,63,fe,15,P1,"half_translated_question","Which Dart feature supports object-oriented programming?"
prm,64,fe,16,P1,"generic_concept;half_translated_question","Which approach helps reduce unnecessary widget rebuilds?"
prm,65,fe,17,P1,"half_translated_question;half_translated_opt_B","Which action best demonstrates Flutter's reactive UI model?"
prm,66,fe,18,P0,"same_whyWrong_all","Why are const widgets recommended?"
prm,68,fe,20,P1,"generic_concept;half_translated_question","Which Flutter test focuses on UI components?"
prm,71,fe,23,P1,"generic_concept;half_translated_question","Which widget applies a theme to an entire Flutter application?"
prm,72,fe,24,P0,"half_translated_question;same_whyWrong_all","What is the purpose of SliverAppBar?"
prm,74,fe,26,P1,"half_translated_question","Which package supports BLoC architecture?"
prm,75,fe,27,P1,"generic_concept;half_translated_question","Which Flutter widget reacts to authentication state changes?"
prm,77,fe,29,P0,"half_translated_question;same_whyWrong_all","What is implicit animation?"
prm,78,fe,30,P1,"half_translated_question","Which Dart data structure is best suited for storing an ordered collection of items?"
prm,79,fe,31,P1,"generic_concept;half_translated_question","Which Flutter concept supports reactive UI updates?"
prm,80,fe,32,P1,"generic_concept;half_translated_question","Which type of test checks individual functions or classes?"
prm,81,fe,33,P1,"half_translated_question","What is the role of events in BLoC?"
prm,82,fe,34,P0,"half_translated_question;same_whyWrong_all","What is the main purpose of hot reload in Flutter?"
prm,84,fe,36,P0,"generic_concept;half_translated_question;same_whyWrong_all","Which method retrieves data from SharedPreferences?"
prm,85,fe,37,P1,"half_translated_question","What is the main benefit of Flutter's widget-based architecture?"
prm,88,fe,40,P0,"generic_concept;half_translated_question;same_whyWrong_all","Which widget can hide user input text when configured for password entry?"
prm,89,fe,41,P1,"generic_concept;half_translated_question","What is Flutter primarily used for?"
prm,90,fe,42,P1,"generic_concept;half_translated_question","Which method resets all form fields?"
prm,91,fe,43,P1,"half_translated_question","Which Dart keyword is used to define a constant value at compile time?"
prm,92,fe,44,P1,"generic_concept","What happens after successful login?"
prm,93,fe,45,P1,"half_translated_question","Which step is required before running a Flutter app for the first time?"
prm,94,fe,46,P1,"generic_concept;half_translated_question","Which widget reacts to async data from local storage?"
prm,95,fe,47,P0,"half_translated_question;same_whyWrong_all","What does golden testing verify?"
prm,97,fe,49,P1,"half_translated_question","What is the benefit of composing widgets in Flutter?"
prm,98,fe,50,P1,"half_translated_question","Which status code indicates server error?"
prm,99,fe,58,P0,"same_whyWrong_all","What does Curves/Animation provide?"
prm,103,slides,102,P1,"half_translated_question","Which engine technology does Flutter use for rendering (as mentioned in slides)?"
prm,121,slides,120,P1,"half_translated_question","Why is async/await important in Flutter apps?"
prm,125,slides,124,P1,"half_translated_opt_B","What is .fromJson() typically used for?"
prm,133,slides,132,P1,"half_translated_question","Which widget allows children to overlap?"
prm,136,slides,135,P1,"half_translated_opt_A","Why use const widgets when possible?"
prm,137,slides,136,P0,"same_whyWrong_all","What does ThemeData primarily define?"
prm,138,slides,137,P0,"same_whyWrong_all","What does the build() method return?"
prm,144,slides,143,P1,"generic_concept;half_translated_question","Where do you typically configure Android deep link intent filters?"
prm,150,slides,149,P1,"half_translated_question","Which widget rebuilds when a Stream emits new data?"
prm,153,slides,152,P0,"same_whyWrong_all","Provider is commonly used for:"
prm,156,slides,155,P1,"generic_concept","Which API is commonly used to read screen size/orientation?"
prm,161,slides,160,P1,"generic_concept","Which widget is commonly used for scrollable single-child content?"
prm,164,slides,163,P1,"generic_concept","How do you typically hide password characters in a TextField?"
prm,168,slides,167,P1,"half_translated_question","Why validate user input before submit?"
prm,170,slides,169,P1,"generic_concept;half_translated_question","Which widget groups multiple fields for joint validation?"
prm,175,slides,174,P0,"same_whyWrong_all","Which HTTP header commonly carries access credentials?"
prm,177,slides,176,P0,"same_whyWrong_all","What does status code 404 typically mean?"
prm,183,slides,182,P1,"half_translated_question","Why map JSON fields into model classes?"
prm,186,slides,185,P0,"same_whyWrong_all","What is Hive mainly used for?"
prm,187,slides,186,P1,"generic_concept;half_translated_question","Which plugin provides SQLite support in Flutter?"
prm,188,slides,187,P1,"generic_concept","Which widget is often used to show async local storage reads?"
prm,191,slides,190,P1,"generic_concept","Which storage suits a small flag like 'onboardingCompleted'?"
prm,197,slides,196,P1,"half_translated_opt_A","Why centralize authentication state?"
prm,200,slides,199,P0,"same_whyWrong_all","Storing tokens insecurely (plain SharedPreferences without care) risks:"
prm,202,slides,201,P1,"half_translated_question","Push notifications in this module are related to:"
prm,204,slides,203,P1,"generic_concept","Which test type checks individual functions or classes?"
prm,205,slides,204,P1,"generic_concept","Which Flutter test focuses on UI components/widgets?"
prm,206,slides,205,P0,"same_whyWrong_all","What does an integration test verify?"
prm,207,slides,206,P0,"same_whyWrong_all","Why are tests important for refactoring?"
prm,208,slides,207,P1,"half_translated_opt_B","What is test isolation?"
prm,211,slides,210,P0,"half_translated_question;same_whyWrong_all","find.byType / find.text in widget tests are used to:"
prm,212,slides,211,P0,"half_translated_question;same_whyWrong_all","Mocking dependencies in unit tests helps:"
prm,213,slides,212,P0,"same_whyWrong_all","Golden tests primarily verify:"
prm,215,slides,214,P1,"half_translated_question","Why extract list item widgets (e.g. TaskTile) and use Selector?"
prm,218,slides,217,P1,"half_translated_question","Why use ValueKey(task.id) instead of UniqueKey() for list items?"
prm,221,slides,220,P0,"same_whyWrong_all","const widgets help performance because they:"
fe,1,test,1,P1,"half_translated_question","A process is waiting for data from a disk drive before continuing execution. Which state is the process most likely in?"
fe,2,test,2,P1,"half_translated_question","A software development team wants to distribute software while allowing users to view, modify, and redistribute the source code."
fe,3,test,3,P1,"half_translated_question","What is the main purpose of interface design?"
fe,5,test,5,P1,"half_translated_question;half_translated_opt_A","A compiler translates a source program containing 20,000 lines of code. Which statement best describes the compilation process?"
fe,6,test,6,P1,"half_translated_question","Which of the following is a non-volatile storage device?"
fe,7,test,7,P1,"half_translated_question","Which SQL command removes a table definition and its data?"
fe,8,test,8,P1,"half_translated_question","Which OS management function is primarily responsible for deciding which process receives CPU time?"
fe,9,test,9,P1,"generic_concept;half_translated_question","Which of the following is classified as a peripheral device?"
fe,10,test,10,P1,"generic_concept;half_translated_question","Which generation of computers introduced VLSI technology?"
fe,12,test,12,P1,"generic_concept;half_translated_question","Which of the following devices was mainly used as the logic gate in first-generation computers?"
fe,13,test,13,P1,"half_translated_question","Which type of software acts as an intermediary between application software and the operating system?"
fe,14,test,14,P1,"half_translated_opt_D","Which statement correctly describes the advantage of an interpreter compared with a compiler?"
fe,15,test,15,P1,"half_translated_question","Which type of processing system executes jobs collectively without user interaction?"
fe,17,test,17,P1,"half_translated_question","Which programming language is closest to machine language and uses mnemonic instructions?"
fe,18,test,18,P1,"generic_concept;half_translated_question","What is the smallest unit of data representation in computers?"
fe,19,test,19,P1,"generic_concept;half_translated_question","What is the characteristic of auxiliary storage?"
fe,20,test,20,P1,"generic_concept;half_translated_question","Which of the following character codes is internationally standardized for multilingual text representation?"
fe,21,test,21,P1,"half_translated_question","Which Coffman condition can be eliminated to prevent deadlock?"
fe,22,test,22,P1,"generic_concept;half_translated_question","Which of the following software is typically stored in ROM and remains available even when power is turned off?"
fe,23,test,23,P1,"half_translated_question","Which of the following is performed in the Plan phase of a PDCA model that is applied to any ISMS process?"
fe,24,test,24,P1,"half_translated_question","When a file of 10^6 bytes is transmitted by using a 64 kbps line, approximately how long (in seconds) does it take to transfer the file? *(phần cuối bị khuất, c"
fe,25,test,25,P1,"generic_concept;half_translated_question","Which scheduling algorithm may cause starvation?"
fe,26,test,26,P1,"half_translated_question;half_translated_opt_D","Which of the following is an appropriate description of cryptography?"
fe,28,test,28,P1,"half_translated_question;half_translated_opt_B","Which of the following is an objective of a software developer in attaching a digital signature to software when software is released on the Internet?"
fe,29,test,29,P1,"generic_concept","Thuật toán nào thuộc nhóm Divide and Conquer?"
fe,30,test,30,P1,"generic_concept;half_translated_question","Which of the following is biometric authentication that uses information which can be obtained from the human eye?"
fe,31,test,31,P1,"half_translated_question","A company wants software that can be legally copied and used without purchasing a license fee. Which category is most appropriate?"
fe,32,test,32,P1,"half_translated_question;half_translated_opt_C","Which of the following is an appropriate description of JPCERT/CC?"
fe,33,test,33,P1,"half_translated_question","What is availability in system reliability evaluation?"
fe,34,test,34,P1,"generic_concept;half_translated_question","Which component combines multiple object modules into a single executable program?"
fe,35,test,35,P1,"half_translated_question","Which of the following is an appropriate description of WPA? (Từ cuối hơi mờ, dựa vào đáp án có thể là WPA hoặc WAF)"
fe,36,test,36,P1,"half_translated_question","Which SQL correctly returns the second-highest salary for each department?"
fe,37,test,37,P1,"generic_concept","Cấu trúc dữ liệu nào hoạt động theo nguyên tắc FIFO?"
fe,38,test,38,P1,"half_translated_question","Which processing system is most appropriate for payroll calculations performed once a month?"
fe,39,test,39,P1,"half_translated_question;half_translated_opt_A","Which of the following is an effect of e-mail encryption?"
fe,40,test,40,P1,"half_translated_question;half_translated_opt_B","Which of the following is an appropriate description of risk assessment?"
fe,41,test,41,P1,"half_translated_question","Which type of processing system is suitable for airline reservation systems requiring immediate responses?"
fe,43,test,43,P1,"generic_concept;half_translated_question","Which file organization method stores records in the order they are received, without any sorting?"
fe,44,test,44,P1,"half_translated_question","Which processing system concentrates all processing tasks on one central computer?"
fe,45,test,45,P1,"generic_concept;half_translated_question","Which of the following is an appropriate description of the role of a reverse proxy?"
fe,46,test,46,P1,"half_translated_opt_D","Which of the following is an appropriate explanation of OP25B?"
fe,47,test,47,P1,"generic_concept;half_translated_question","Which multimedia element represents moving visual content?"
fe,48,test,48,P1,"generic_concept","Thuật toán nào có ý tưởng đẩy phần tử lớn nhất về cuối dãy sau mỗi lượt quét?"
fe,49,test,49,P1,"half_translated_question","What is the value of hexadecimal number A in decimal notation?"
fe,50,test,50,P1,"half_translated_question","What is response time in system evaluation?"
fe,51,test,51,P1,"half_translated_question","Which of the following is a secure protocol that combines an authentication function between a client and a server with an encryption function for communication"
fe,52,test,52,P1,"half_translated_opt_B","Which of the following is an appropriate description concerning antivirus software?"
fe,53,test,53,P1,"half_translated_question","What is the main advantage of semiconductor memory over magnetic disks?"
fe,54,test,54,P1,"generic_concept","Thuật toán nào không yêu cầu dữ liệu được sắp xếp trước?"
fe,55,test,55,P1,"half_translated_question;half_translated_opt_A","Which of the following is an appropriate description of information security policy?"
fe,56,test,56,P1,"half_translated_question;half_translated_opt_A;half_translated_opt_B","Which of the following best describes an assembler?"
fe,57,test,57,P1,"half_translated_question","When an internal user of a company forgets the password, which of the following is an appropriate action a security administrator should take after the identity"
fe,58,test,58,P1,"generic_concept;half_translated_question","Which number system uses digits from 0 to 7?"
fe,59,test,59,P1,"generic_concept;half_translated_question","A database file contains one million records. Users frequently retrieve records using a unique customer ID. Which file organization method provides the fastest "
fe,60,test,60,P1,"half_translated_question","According to ISO/IEC 27001 (JIS Q 27001), which of the following is the definition of availability in information security?"
fe,61,test,61,P1,"half_translated_opt_A","Which of the following is an appropriate explanation of TDM that is one of the multiplexing techniques?"
fe,62,test,62,P1,"half_translated_question","Among the descriptions concerning devices that constitute a network, which of the following is an explanation concerning the CCU (Communication Control Unit)?"
fe,63,test,63,P1,"half_translated_question","Which of the following is an appropriate description of WPA?"
fe,64,test,64,P1,"half_translated_question;half_translated_opt_C","Which of the following is the action that corresponds to social engineering?"
fe,65,test,65,P1,"half_translated_question","What is the purpose of human interface technology?"
fe,66,test,66,P1,"half_translated_question","Which memory loses its contents when power is turned off?"
fe,67,test,67,P1,"generic_concept;half_translated_question","A software system must support multiple users accessing files simultaneously while preventing... (phần sau bị khuất)"
fe,69,bank300,2,P1,"generic_concept;half_translated_question","What is the smallest unit of data in a computer?"
fe,70,bank300,3,P1,"generic_concept;half_translated_question","Which generation introduced VLSI?"
fe,71,bank300,4,P1,"generic_concept","First-generation logic device?"
fe,73,bank300,6,P1,"half_translated_question","Which memory loses data when power is off?"
fe,74,bank300,7,P1,"generic_concept;half_translated_question","Main memory is typically which type?"
fe,75,bank300,8,P1,"generic_concept","Cache is usually implemented with?"
fe,77,bank300,10,P1,"generic_concept","Number system using digits 0-7?"
fe,78,bank300,11,P1,"generic_concept","8-bit two's complement 11101010 equals?"
fe,79,bank300,12,P1,"generic_concept","Two's complement of negative: method?"
fe,80,bank300,13,P1,"generic_concept","Range of n-bit 2's complement?"
fe,81,bank300,14,P1,"generic_concept","International multilingual character code?"
fe,82,bank300,15,P1,"half_translated_question","CPU = which units?"
fe,83,bank300,16,P1,"generic_concept;half_translated_question","Which is a peripheral device?"
fe,85,bank300,18,P1,"generic_concept","Auxiliary storage characteristic?"
fe,86,bank300,19,P1,"half_translated_question","Advantage of semiconductor memory vs magnetic disk?"
fe,88,bank300,21,P1,"generic_concept","RAID 1 main feature?"
fe,90,bank300,23,P1,"generic_concept","Instruction cycle order?"
fe,91,bank300,24,P1,"generic_concept","PC register holds?"
fe,92,bank300,25,P1,"generic_concept","Pipeline hazard types?"
fe,95,bank300,28,P1,"generic_concept","Information amount with n bits?"
fe,96,bank300,29,P1,"generic_concept","BCD means?"
fe,97,bank300,30,P1,"generic_concept","FPGA characteristic?"
fe,99,bank300,32,P1,"half_translated_question","Payroll once a month best system?"
fe,101,bank300,34,P1,"generic_concept;half_translated_question","Hard real-time example idea?"
fe,104,bank300,37,P1,"generic_concept","Parallel reliability formula idea?"
fe,106,bank300,39,P1,"half_translated_question","What is response time?"
fe,107,bank300,40,P1,"half_translated_question","What is throughput?"
fe,108,bank300,41,P1,"generic_concept","ACID: A means?"
fe,112,bank300,45,P1,"generic_concept","Video multimedia means?"
fe,116,bank300,49,P1,"half_translated_opt_B","Compiler translates how?"
fe,117,bank300,50,P1,"half_translated_opt_B","Interpreter advantage vs compiler?"
fe,119,bank300,52,P1,"generic_concept","Assembler does what?"
fe,120,bank300,53,P1,"generic_concept","Combines object modules into executable?"
fe,121,bank300,54,P1,"generic_concept","Loads program into memory?"
fe,122,bank300,55,P1,"generic_concept","Software in ROM after power off?"
fe,128,bank300,61,P1,"generic_concept","Scheduling that may starve long jobs?"
fe,129,bank300,62,P1,"generic_concept","Round Robin reduces?"
fe,131,bank300,64,P1,"half_translated_question","Eliminate which condition to prevent deadlock (common)?"
fe,135,bank300,68,P1,"generic_concept","Thrashing?"
fe,137,bank300,70,P1,"generic_concept","File organization fastest by unique ID?"
fe,138,bank300,71,P1,"generic_concept;half_translated_question","File stores in arrival order unsorted?"
fe,140,bank300,73,P1,"generic_concept","Backup types?"
fe,147,bank300,80,P1,"generic_concept","Primary key ensures?"
fe,148,bank300,81,P1,"generic_concept","Foreign key ensures?"
fe,149,bank300,82,P1,"generic_concept","ACID D means?"
fe,152,bank300,85,P1,"generic_concept","JOIN does?"
fe,154,bank300,87,P1,"generic_concept","2PC used for?"
fe,162,bank300,95,P1,"generic_concept","TDM explanation?"
fe,163,bank300,96,P1,"generic_concept","FDM explanation?"
fe,164,bank300,97,P1,"generic_concept","WDM explanation?"
fe,166,bank300,99,P1,"generic_concept","CSMA/CD used in?"
fe,167,bank300,100,P1,"generic_concept","CSMA/CA used in?"
fe,168,bank300,101,P1,"half_translated_question","File 10^6 bytes on 64kbps 80% util time?"
fe,169,bank300,102,P1,"generic_concept","Transfer time formula?"
fe,170,bank300,103,P1,"generic_concept","CCU role?"
fe,172,bank300,105,P1,"generic_concept","Switch vs hub?"
fe,177,bank300,110,P1,"generic_concept","CIA Availability definition?"
fe,179,bank300,112,P1,"generic_concept","CIA Integrity?"
fe,180,bank300,113,P1,"generic_concept","ISMS Plan phase includes?"
fe,181,bank300,114,P1,"generic_concept","ISMS Act phase?"
fe,185,bank300,118,P1,"generic_concept","Public key crypto speed vs symmetric?"
fe,187,bank300,120,P1,"generic_concept;half_translated_question","Digital signature on released software aims?"
fe,188,bank300,121,P1,"generic_concept","Email encryption effect?"
fe,189,bank300,122,P1,"generic_concept","Iris authentication type?"
fe,191,bank300,124,P1,"generic_concept","WAF is?"
fe,192,bank300,125,P1,"half_translated_opt_C","Reverse proxy does?"
fe,195,bank300,128,P1,"half_translated_opt_A","JPCERT/CC role?"
fe,196,bank300,129,P1,"generic_concept","Social engineering example?"
fe,197,bank300,130,P1,"generic_concept","SSL provides?"
fe,198,bank300,131,P1,"generic_concept","Antivirus signature method good for?"
fe,199,bank300,132,P1,"half_translated_question","Admin action forgotten password after verify?"
fe,201,bank300,134,P1,"generic_concept","Hash property?"
fe,203,bank300,136,P1,"generic_concept","Least privilege?"
fe,204,bank300,137,P1,"generic_concept","Phishing is related to?"
fe,205,bank300,138,P1,"generic_concept","FIFO structure?"
fe,208,bank300,141,P1,"half_translated_question","Stack: PUSH3 PUSH7 POP PUSH5 PUSH9 POP top?"
fe,209,bank300,142,P1,"half_translated_question","Queue: ENQA ENQB DEQ ENQC ENQD DEQ front?"
fe,213,bank300,146,P1,"generic_concept","RPN of (A+B)*(C-D/E)?"
fe,214,bank300,147,P1,"generic_concept","BST inorder of 50,30,70,20,40,60,80?"
fe,215,bank300,148,P1,"generic_concept","BST left subtree values?"
fe,216,bank300,149,P1,"generic_concept","Divide and Conquer sort example?"
fe,218,bank300,151,P1,"generic_concept","Selection sort first pass on 84 73 28 16 51?"
fe,219,bank300,152,P1,"half_translated_question","Linear search needs sorted data?"
fe,220,bank300,153,P1,"half_translated_question","Binary search needs sorted data?"
fe,222,bank300,155,P1,"generic_concept","Linear search worst complexity?"
fe,224,bank300,157,P1,"generic_concept","Array access time complexity?"
fe,226,bank300,159,P1,"half_translated_question","Full binary tree 31 nodes min height (edges)?"
fe,227,bank300,160,P1,"generic_concept","Preorder order?"
fe,229,bank300,162,P1,"generic_concept","Hash average search?"
fe,230,bank300,163,P1,"generic_concept","Merge sort complexity?"
fe,231,bank300,164,P1,"generic_concept","Quicksort worst case?"
fe,232,bank300,165,P1,"generic_concept","CSR means?"
fe,233,bank300,166,P1,"generic_concept","BCP means?"
fe,234,bank300,167,P1,"generic_concept","PDCA letters?"
fe,235,bank300,168,P1,"generic_concept","Assets = ?"
fe,237,bank300,170,P1,"generic_concept","QC Pareto idea?"
fe,238,bank300,171,P1,"generic_concept","Ishikawa diagram?"
fe,240,bank300,173,P1,"generic_concept","Competitive leader strategy?"
fe,241,bank300,174,P1,"generic_concept","Nicher strategy?"
fe,242,bank300,175,P1,"generic_concept","4P marketing?"
fe,243,bank300,176,P1,"generic_concept","Product life cycle stages?"
fe,244,bank300,177,P1,"generic_concept","CIO approves?"
fe,245,bank300,178,P1,"generic_concept","ITIL de facto for?"
fe,246,bank300,179,P1,"generic_concept","SLA is?"
fe,247,bank300,180,P1,"generic_concept","Incident vs Problem?"
fe,248,bank300,181,P1,"generic_concept","Service desk is?"
fe,249,bank300,182,P1,"generic_concept","ISO 20000 about?"
fe,250,bank300,183,P1,"generic_concept","Waterfall model?"
fe,252,bank300,185,P1,"generic_concept","Unit test tests?"
fe,254,bank300,187,P1,"generic_concept","White-box testing?"
fe,255,bank300,188,P1,"generic_concept","High cohesion good?"
fe,256,bank300,189,P1,"generic_concept","Low coupling good?"
fe,257,bank300,190,P1,"generic_concept","Configuration baseline?"
fe,260,bank300,193,P1,"generic_concept","SPI = ?"
fe,261,bank300,194,P1,"generic_concept","CPI = ?"
fe,262,bank300,195,P1,"generic_concept","SPI<1 means?"
fe,264,bank300,197,P1,"generic_concept","Internal control SoD?"
fe,267,bank300,200,P1,"generic_concept","COBIT is?"
fe,268,bank300,201,P1,"generic_concept","SaaS means?"
fe,269,bank300,202,P1,"generic_concept","PaaS means?"
fe,270,bank300,203,P1,"generic_concept","IaaS means?"
fe,271,bank300,204,P1,"generic_concept","B2C e-business?"
fe,272,bank300,205,P1,"generic_concept","Benchmarking?"
fe,273,bank300,206,P1,"generic_concept","Outsourcing offshore risk?"
fe,275,bank300,208,P1,"generic_concept","Patent protects?"
fe,276,bank300,209,P1,"generic_concept","Going concern?"
fe,279,bank300,212,P1,"generic_concept","MBO?"
fe,280,bank300,213,P1,"generic_concept","ERP supports?"
fe,281,bank300,214,P1,"generic_concept","CRM supports?"
fe,282,bank300,215,P1,"generic_concept","SCM supports?"
fe,283,bank300,216,P1,"half_translated_opt_A","Requirements: functional vs non-functional?"
fe,284,bank300,217,P1,"generic_concept","Walk-through review?"
fe,285,bank300,218,P1,"generic_concept","Inspection review?"
fe,286,bank300,219,P1,"generic_concept","Corrective maintenance?"
fe,289,bank300,222,P1,"generic_concept","Verification vs Validation?"
fe,291,bank300,224,P1,"generic_concept","Stakeholder is?"
fe,292,bank300,225,P1,"generic_concept","PMO role?"
fe,293,bank300,226,P1,"generic_concept","Matrix organization?"
fe,294,bank300,227,P1,"generic_concept","Critical path activities have?"
fe,296,bank300,229,P1,"generic_concept","Fast-tracking?"
fe,297,bank300,230,P1,"generic_concept","Known error in ITIL?"
fe,299,bank300,232,P1,"generic_concept","Availability management goal?"
fe,300,bank300,233,P1,"generic_concept","IT service continuity related to?"
fe,301,bank300,234,P1,"half_translated_opt_A","Preventive control example?"
fe,302,bank300,235,P1,"generic_concept","Detective control example?"
fe,304,bank300,237,P1,"generic_concept","General IT controls vs application controls?"
fe,316,bank300,249,P1,"half_translated_question","Stack empty PUSH1 PUSH2 POP result top?"
fe,318,bank300,251,P1,"half_translated_question","Best OS for many short interactive jobs fairness?"
fe,319,bank300,252,P1,"generic_concept","Starvation risk algorithm?"
fe,320,bank300,253,P1,"half_translated_question","Process blocked on keyboard input state?"
fe,321,bank300,254,P1,"half_translated_question","Which layer HTTP belongs TCP/IP?"
fe,322,bank300,255,P1,"generic_concept;half_translated_question","Which layer IP?"
fe,324,bank300,257,P1,"generic_concept","Mail send protocol?"
fe,325,bank300,258,P1,"generic_concept","Mail receive protocols?"
fe,327,bank300,260,P1,"generic_concept","Hot swap related often to?"
fe,328,bank300,261,P1,"generic_concept;half_translated_question","UPS supports which security aspect mainly?"
fe,329,bank300,262,P1,"generic_concept;half_translated_question","Clean desk policy is which measure type?"
fe,330,bank300,263,P1,"generic_concept","Lock on server room door?"
fe,333,bank300,266,P1,"generic_concept","XSS related to?"
fe,334,bank300,267,P1,"generic_concept","Digital certificate issued by?"
fe,335,bank300,268,P1,"generic_concept","Symmetric algorithm example?"
fe,336,bank300,269,P1,"generic_concept","Asymmetric example?"
fe,337,bank300,270,P1,"generic_concept","Hash example family?"
fe,338,bank300,271,P1,"generic_concept","MFA means?"
fe,339,bank300,272,P1,"generic_concept","RBAC means?"
fe,343,bank300,276,P1,"generic_concept","Throughput high means?"
fe,344,bank300,277,P1,"generic_concept","Turnaround time used in?"
fe,345,bank300,278,P1,"half_translated_question","Soft real-time miss deadline?"
fe,346,bank300,279,P1,"generic_concept","Client-server model?"
fe,347,bank300,280,P1,"generic_concept","3-tier layers?"
fe,349,bank300,282,P1,"generic_concept","E-R entity drawn as?"
fe,350,bank300,283,P1,"generic_concept","Relationship cardinality M:N?"
fe,351,bank300,284,P1,"generic_concept","COMMIT does?"
fe,352,bank300,285,P1,"generic_concept","ROLLBACK does?"
fe,354,bank300,287,P1,"generic_concept","View in DB?"
fe,355,bank300,288,P1,"generic_concept","GRANT/REVOKE?"
fe,357,bank300,290,P1,"generic_concept","ETL means?"
fe,358,bank300,291,P1,"generic_concept","Bus topology weakness?"
fe,359,bank300,292,P1,"generic_concept;half_translated_question","Star topology center device often?"
fe,360,bank300,293,P1,"generic_concept","Optical fiber advantage?"
fe,361,bank300,294,P1,"generic_concept","Twisted pair common use?"
fe,362,bank300,295,P1,"generic_concept","CRC used for?"
fe,363,bank300,296,P1,"generic_concept","Parity bit used for?"
fe,364,bank300,297,P1,"generic_concept","Sliding window improves?"
fe,366,bank300,299,P1,"generic_concept","ICMP used by?"
fe,367,bank300,300,P1,"generic_concept","Private IP example?"
fe,368,datajfe,1,P1,"half_translated_question;half_translated_opt_A;half_translated_opt_B;half_translated_opt_C;half_translated_opt_D","A LAN access method circulates control information in a fixed direction. A station may transmit only after receiving this control information and gaining transm"
fe,369,datajfe,2,P1,"generic_concept;half_translated_question","An organization wants to exchange product model data using an international standard specifically intended for product model information. Which standardization "
fe,370,datajfe,3,P1,"half_translated_question","A company uses a transmission method in which a dedicated communication path is established before data transfer. Communication performance is predictable, but "
fe,371,datajfe,4,P1,"half_translated_question;half_translated_opt_A;half_translated_opt_B;half_translated_opt_C;half_translated_opt_D","A project manager shortens an activity that is not currently on the critical path. After the change, the project completion date remains unchanged. Which explan"
fe,372,datajfe,5,P1,"half_translated_question","An attacker secretly intercepts data traveling across a network and steals information without necessarily modifying the transmitted data. Which computer crime "
fe,373,datajfe,6,P1,"half_translated_question","A software organization wants an international standard that structures lifecycle processes for acquisition, supply, development, operation, and maintenance, bu"
fe,374,datajfe,7,P1,"half_translated_opt_A;half_translated_opt_B;half_translated_opt_D","Which of the following is an appropriate explanation of a Java servlet?"
fe,375,datajfe,8,P1,"half_translated_question","A product vendor claims that its system provides several advanced security features. A customer needs a framework for specifying security requirements, allowing"
fe,376,datajfe,9,P1,"half_translated_question","A software organization requires every project to follow documented plans and ensures that requirements, work products, and services are managed. However, diffe"
fe,377,datajfe,10,P1,"half_translated_question;half_translated_opt_C","A table has a single-column primary key. Every non-key attribute depends on that key, but one non-key attribute determines another non-key attribute. Which norm"
fe,378,datajfe,11,P1,"generic_concept;half_translated_question","A communication protocol transmits data in frames, supports continuous transfer and full-duplex communication, and inserts a zero after a sequence of consecutiv"
fe,379,datajfe,12,P1,"half_translated_question","Which of the following is a purpose of use of a message digest in message authentication?"
fe,380,datajfe,13,P1,"generic_concept;half_translated_question","Which of the following is software that can be used free of charge for a trial period, but if the user wishes to continue using the software after this period, "
fe,381,datajfe,14,P1,"half_translated_question","A network service must carry voice, video, and data using fixed-length transmission units. Connections are mapped to virtual circuits that can provide Quality o"
fe,383,datajfe,16,P1,"half_translated_question","Deleting root 50 from the given BST using inorder successor results in which new root?"
fe,384,datajfe,17,P1,"generic_concept;half_translated_question","An organization wants to detect whether a transferred document has been altered. Management is not primarily concerned with proving who created the document. Wh"
fe,385,datajfe,18,P1,"half_translated_question","A query must preserve every row from the Student table even when no corresponding row exists in the Mark table. Rows without a matching mark must still appear w"
fe,386,datajfe,19,P1,"half_translated_question;half_translated_opt_A;half_translated_opt_B;half_translated_opt_D","A security team deploys a firewall and assumes that all forms of information theft are now prevented. An attacker later obtains discarded temporary data remaini"
fe,387,datajfe,20,P1,"half_translated_question","A database query must combine every possible row from relation A with every possible row from relation B, without requiring matching attribute values. Which ope"
fe,388,datajfe,21,P1,"half_translated_question;half_translated_opt_C","Two transactions update different records and then each requests a lock on the record already locked by the other transaction. Neither transaction can continue."
fe,389,datajfe,22,P1,"half_translated_question;half_translated_opt_A;half_translated_opt_B;half_translated_opt_D","A transmission scheme divides the bandwidth of an analog line into several independent channels. Some capacity is intentionally left unused between adjacent cha"
fe,390,datajfe,23,P1,"half_translated_question","A company needs high-speed Internet access over existing telephone lines. Download traffic is expected to be much heavier than upload traffic, and performance m"
fe,391,datajfe,24,P1,"half_translated_question","In an arrow diagram, two activities must preserve a dependency relationship even though no actual work, resource consumption, or processing time is required bet"
fe,392,datajfe,25,P1,"generic_concept;half_translated_question","A queue is modeled as M/M/1, but analysts discover that service times are fixed and identical for every arrival rather than randomly varying according to the as"
fe,393,datajfe,26,P1,"half_translated_question;half_translated_opt_A","A transaction processing system is described as an M/M/1 queue. During observation, analysts discover that requests are processed according to priority, and urg"
fe,394,datajfe,27,P1,"half_translated_opt_C","A process represents the state transition among three states: a ready state, a running state, and a waiting state. Which of the following is an appropriate desc"
fe,395,datajfe,28,P1,"generic_concept;half_translated_question","A sender encrypts a message using the receiver's publicly available key. Only the receiver should be able to recover the original message. Which key is required"
fe,397,datajfe,30,P1,"half_translated_question;half_translated_opt_A;half_translated_opt_B;half_translated_opt_C;half_translated_opt_D","A distributed database update affects several database sites. The system must ensure that the update does not leave some sites committed while others remain unc"
fe,398,datajfe,31,P1,"half_translated_question;half_translated_opt_A;half_translated_opt_B;half_translated_opt_C;half_translated_opt_D","A database designer removes all repeated items from a table. However, one non-key attribute still depends on only part of a composite primary key. Which stateme"
fe,399,datajfe,32,P1,"half_translated_question","According to ISO/IEC 27001, which best defines availability?"
fe,400,datajfe,33,P1,"half_translated_question","A receiving system must identify damaged frames and request retransmission when a positive acknowledgment is not received. The same layer also handles physical "
fe,401,datajfe,34,P1,"half_translated_question;half_translated_opt_A;half_translated_opt_B;half_translated_opt_C;half_translated_opt_D","An organization already uses standard processes across projects and manages its processes proactively. It now selects subprocesses that strongly influence overa"
fe,402,datajfe,35,P1,"half_translated_question","During a backward calculation, several activities diverge from the same node toward different later nodes. Which principle is used when determining the latest a"
fe,403,datajfe,36,P1,"generic_concept;half_translated_question","A transaction performs several updates and then encounters a logical program error before successful completion. Recovery uses pre-update log information to und"
fe,404,datajfe,37,P1,"half_translated_question","A network administrator needs a device that forwards traffic between different logical networks based on logical addressing. The device must also operate at the"
fe,405,datajfe,38,P1,"half_translated_question","Which of the following is an appropriate role of FCS in a frame that is transmitted through the HDLC procedure?"
fe,406,datajfe,39,P1,"half_translated_question;half_translated_opt_A;half_translated_opt_B;half_translated_opt_C;half_translated_opt_D","A company encrypts confidential files using the same secret key for both encryption and decryption. It later publishes this key so external partners can securel"
fe,407,datajfe,40,P1,"generic_concept;half_translated_question","Which of the following can be assigned to a computer as the IP address of class C?"
fe,408,datajfe,41,P1,"half_translated_opt_C","A process is executed through a state transition among three states: a ready state, a running state, and a waiting state. Which of the following is an appropria"
fe,409,fuexam,1,P1,"half_translated_question","A check digit for a 4-digit number abcd can be calculated as follows: mod((a*4+b*3+c*2+d*1), 10). When the check digit for the 4-digit number “7b42” is equal to"
fe,410,fuexam,2,P1,"half_translated_opt_A;half_translated_opt_B;half_translated_opt_C;half_translated_opt_D","Which of the following is an appropriate explanation of the spooling function?"
fe,412,fuexam,4,P1,"half_translated_opt_A;half_translated_opt_B;half_translated_opt_D","Which of the following is an appropriate description concerning the maturity level in the staged representation of CMMI?"
fe,413,fuexam,5,P1,"generic_concept;half_translated_question","Which of the following is equivalent to the result of the arithmetic expression “753₈ – A6₁₆”? Here, each number is written in radix notation; that is, the radi"
fe,414,fuexam,6,P1,"half_translated_opt_A;half_translated_opt_B;half_translated_opt_C;half_translated_opt_D;half_translated_opt_E","Which of following statement is INCORRECT of cloud computing?"
fe,415,fuexam,7,P1,"generic_concept;half_translated_opt_A;half_translated_opt_B;half_translated_opt_C","Which of the following statements is TRUE about the critical path in PERT?"
fe,416,fuexam,8,P1,"half_translated_question;half_translated_opt_D","Which of the following is the most appropriate indicator that is directly helpful in managing software quality in a system development project?"
fe,417,fuexam,9,P1,"half_translated_question","The following statement is true/ false about CRM? Customer Relationship Management (CRM) is a cross-functional enterprise system driven by an integrated suite o"
fe,418,fuexam,10,P1,"half_translated_question","Given the following inventory data: Item Annual Value ($) P 4000 Q 2500 R 1500 S 800 T 200 Which statement is correct according to ABC analysis?"
fe,419,fuexam,11,P1,"half_translated_opt_A;half_translated_opt_B;half_translated_opt_C;half_translated_opt_D","Which of the following is a role of the program register (i.e., program counter) of the CPU?"
fe,420,fuexam,12,P1,"half_translated_question","What is the function point value of a program that has the functions and characteristics shown in the table below? Here, the correction coefficient of complexit"
fe,421,fuexam,13,P1,"generic_concept","Which of the following is an appropriate technique that is used for implementing a queue as a data structure?"
fe,423,fuexam,15,P1,"generic_concept;half_translated_question","Which of the following is an appropriate combination of the fundamental object-oriented programming concepts?"
fe,424,fuexam,16,P1,"half_translated_question","A systems design is represented using several diagrams. When a system analyst wants to confirm the design information such as the relationships among functions "
fe,425,fuexam,17,P1,"generic_concept;half_translated_question","Which of the following is a protocol for e-mail on the Internet that allows an e-mail client to access e-mail on a remote mail server?"
fe,426,fuexam,18,P1,"half_translated_question","Determine which type of network class and default subnet mask of this IP address belong to? IP version 4 = 216.58.221.78"
fe,427,fuexam,19,P1,"half_translated_question","In a certain project, each of the 6 employee members needs to communicate on a one-to-one basis. What is the minimum number of paths needed to communicate in su"
fe,428,fuexam,20,P0,"banned_phrase","The syntax rules of the field identifier ""field ID"" are represented in BNF notation as shown below. When each ID is defined as an arbitrary sequence of letters "
fe,429,fuexam,21,P1,"half_translated_question","A GUI screen contains a candidate list from which a user can select an item. Which of the following is an appropriate case to adopt this data entry method?"
fe,430,fuexam,22,P1,"half_translated_question","When the binary tree shown in the figure below is stored in a one-dimensional array A under the following conditions, what is the array index of the node ""T""?"
fe,431,fuexam,23,P1,"half_translated_question","Which of the following is the appropriate combination of 4 color inks or toners for a full-color printer?"
fe,432,fuexam,24,P1,"generic_concept;half_translated_question","Which of the following is a chart or a diagram that is often used in quality control to rank issues or problems in descending order of frequency?"
fe,434,fuexam,26,P1,"generic_concept;half_translated_question","When the expression (A - 2 x (B + C) - D x E) x F in conventional infix notation is converted to the prefix expression, which of the following represents the re"
fe,435,fuexam,27,P1,"half_translated_question","Multiple directories having the names A and B are managed in the structure shown below. When the current directory is changed in order of \BA ->..\B -> \A, whic"
fe,436,fuexam,28,P1,"half_translated_question;half_translated_opt_A;half_translated_opt_B;half_translated_opt_C;half_translated_opt_D","Which of the following is an appropriate description in comparison of how to safeguard IC cards and magnetic cards against forgery?"
fe,437,fuexam,29,P1,"half_translated_opt_A;half_translated_opt_B;half_translated_opt_C;half_translated_opt_D","Which of the following is an appropriate description concerning a use case diagram in UML?"
fe,438,fuexam,30,P1,"half_translated_question","A part of a program was changed to add a new function to a system in operation. Which of the following is the most appropriate environment that is used for test"
fe,439,fuexam,31,P1,"half_translated_question;half_translated_opt_A;half_translated_opt_B;half_translated_opt_C;half_translated_opt_D","Which of the following is an explanation of the use case diagram shown below?"
fe,440,fuexam,32,P1,"generic_concept;half_translated_question","Which of the following refers to online scams where thieves attempt to entice e-mail recipients into clicking on a link that takes them to a bogus website, and "
fe,441,fuexam,33,P1,"half_translated_question;half_translated_opt_C;half_translated_opt_D","Which of the following is the appropriate item to be checked when the ordered software is delivered?"
fe,442,fuexam,34,P1,"half_translated_question;half_translated_opt_B;half_translated_opt_C;half_translated_opt_D","Which of the following helps improve availability?"
fe,443,fuexam,35,P1,"half_translated_question;half_translated_opt_A;half_translated_opt_B;half_translated_opt_C;half_translated_opt_D","Which of the following is the main purpose of a penetration test?"
fe,444,fuexam,36,P1,"half_translated_question;half_translated_opt_A;half_translated_opt_B;half_translated_opt_C;half_translated_opt_D","View the picture and choose right answer. As shown in the figure below, all the lines show signs of leveling off in the control chart of a program test. Which o"
fe,445,fuexam,37,P1,"half_translated_question","Which of the following means product improvement, and product disposal are planned according to each stage of introduction, growth, maturity, and decline?"
fe,446,fuexam,38,P1,"half_translated_question","What is the data remaining on the stack after doing the following operations, assume that from start, stack is empty? push 5 => push 10 => push 5 => pop => push"
fe,447,fuexam,39,P1,"generic_concept;half_translated_question","When ABC analysis is used to categorize product items in the table below, which of the following is the combination of the product numbers for the items that ar"
fe,448,fuexam,40,P1,"half_translated_question;half_translated_opt_A;half_translated_opt_B;half_translated_opt_C;half_translated_opt_D","Which of the following is the main task of a service desk?"
fe,449,fuexam,41,P1,"half_translated_question","There is a standard that can represent data in a hierarchical structure by enclosing data that corresponds to nesting with tags <N>, which means the start, and "
fe,450,fuexam,42,P1,"half_translated_question","In the RAID3 system shown below, three disks (Disks 0 through 2) for byte-striped data and one dedicated parity disk (Disk 3) are used as one volume. Parity byt"
fe,451,fuexam,43,P1,"half_translated_question;half_translated_opt_A;half_translated_opt_B;half_translated_opt_D","Which of the following is the most appropriate description concerning the exclusive control of a DBMS?"
fe,452,fuexam,44,P1,"generic_concept;half_translated_question","Which of the following is a protocol for e-mail on the Internet that supports not only text but other data such as audio and images through message header exten"
fe,453,fuexam,45,P1,"half_translated_question","There is an 8-bit register where integers are represented in binary by using 2's complement for negative numbers. When the decimal integer ""-24"" is stored in th"
fe,454,fuexam,46,P1,"half_translated_question","Which of the following is an activity performed during the external design phase of system development?"
fe,455,fuexam,47,P1,"half_translated_question","According to a survey of 100 students, there are 40 students studying English, 30 studying French, and 25 studying Spanish. In addition, 8 students are studying"
fe,456,fuexam,48,P1,"half_translated_question","When CPU processing and printing are performed for four jobs under the conditions below, how many minutes does it take to complete them from the start of the fi"
fe,457,fuexam,49,P1,"generic_concept;half_translated_question","It focuses on system implementation behavior and is preferred over verification for the following reasons: - It facilitates the consideration of environmental f"
fe,459,fuexam,51,P1,"half_translated_question;half_translated_opt_A;half_translated_opt_B;half_translated_opt_C;half_translated_opt_D","Which of the following is an explanation of SFA (Sales Force Automation)?"
fe,460,fuexam,52,P1,"generic_concept;half_translated_question","What is HDLC protocol stands for?"
fe,461,fuexam,53,P1,"half_translated_question;half_translated_opt_A;half_translated_opt_C;half_translated_opt_D","Which of the following can be achieved by using SSL/TLS?"
fe,462,fuexam,54,P1,"half_translated_question","There exist the same two devices, each with an MTBF of 45 hours and an MTTR of 5 hours. What is the availability of a system that connects these TWO devices in "
fe,463,books,55,P1,"half_translated_opt_B","Which of the following is a role of the program counter (program register) of the CPU?"
fe,464,books,56,P1,"half_translated_question","Which memory type is typically the fastest for the CPU to access?"
fe,465,books,57,P1,"half_translated_question","In RAID with parity, which operation is commonly used to reconstruct lost data?"
fe,466,books,58,P1,"half_translated_question;half_translated_opt_A","What does MTBF stand for in reliability discussions?"
fe,467,books,59,P1,"half_translated_question","Availability of a single device is commonly approximated by which formula?"
fe,468,books,60,P1,"half_translated_question","Two identical devices each have availability 0.9. What is the availability if connected in series?"
fe,469,books,61,P1,"generic_concept;half_translated_question","Which combination of inks is typical for full-color printing (CMYK)?"
fe,470,books,62,P1,"generic_concept;half_translated_question","An arithmetic right shift of a negative number in 2's complement representation:"
fe,471,books,63,P1,"half_translated_question;half_translated_opt_A","Which statement about IC cards vs magnetic cards is appropriate?"
fe,472,books,64,P1,"half_translated_question","Spooling primarily improves system efficiency by:"
fe,473,books,65,P1,"half_translated_question","Which of the following best describes multiprogramming?"
fe,474,books,66,P1,"generic_concept;half_translated_question","A system with two devices in parallel fails only if both fail. Compared with series connection, parallel generally:"
fe,475,books,67,P1,"half_translated_question","Which is an appropriate purpose of a system performance indicator such as throughput?"
fe,476,books,68,P1,"half_translated_question;half_translated_opt_B","Client/server architecture typically separates:"
fe,477,books,69,P1,"half_translated_question;half_translated_opt_A","Which is a primary role of an operating system?"
fe,479,books,71,P1,"half_translated_question;half_translated_opt_C","Open source software generally means:"
fe,480,books,72,P1,"half_translated_opt_A;half_translated_opt_B","A compiler typically:"
fe,482,books,74,P1,"half_translated_question","Why is exclusive control (locking) needed in a DBMS?"
fe,483,books,75,P1,"half_translated_question;half_translated_opt_A","Normalization in relational databases mainly aims to:"
fe,486,books,78,P1,"generic_concept;half_translated_question","IPv4 address 216.58.221.78 belongs to which class (classful model) and default mask?"
fe,487,books,79,P1,"generic_concept;half_translated_question","Which protocol allows a mail client to access messages on a server while typically leaving mail on the server?"
fe,491,books,83,P1,"generic_concept","HDLC stands for:"
fe,492,books,84,P1,"half_translated_question","Which OSI layer is primarily associated with end-to-end reliable transport (TCP)?"
fe,493,books,85,P1,"generic_concept;half_translated_question","Online scams that lure users to fake sites to steal credentials are called:"
fe,495,books,87,P1,"half_translated_opt_C","The main purpose of a penetration test is to:"
fe,498,books,90,P1,"half_translated_question;half_translated_opt_A","Which is an appropriate security practice for passwords?"
fe,499,books,91,P1,"generic_concept;half_translated_question","Which technique implements a queue?"
fe,500,books,92,P1,"half_translated_question","A stack uses which discipline?"
fe,501,books,93,P1,"generic_concept;half_translated_question","After push 5, push 10, push 5, pop, push 10, push 10, push 5, pop, pop (empty start), remaining bottom→top is:"
fe,502,books,94,P1,"half_translated_question","Binary trees can be stored in an array where children of index i are typically at:"
fe,503,books,95,P1,"half_translated_question;half_translated_opt_B","Prefix (Polish) notation places operators:"
fe,504,books,96,P1,"half_translated_question","Which is a fundamental set of OOP concepts?"
fe,505,books,97,P1,"generic_concept","Big-O notation is used to:"
fe,506,books,98,P1,"generic_concept","Intellectual property rights generally protect:"
fe,508,books,100,P1,"half_translated_question;half_translated_opt_C","Personal data protection laws mainly aim to:"
fe,509,books,101,P1,"half_translated_opt_B","Compliance in corporate IT means:"
fe,510,books,102,P1,"generic_concept","A SWOT analysis examines:"
fe,511,books,103,P1,"half_translated_opt_B","ABC analysis for inventory prioritizes items by:"
fe,512,books,104,P1,"half_translated_opt_C","Break-even point analysis is used to find:"
fe,513,books,105,P1,"half_translated_question;half_translated_opt_A","Which formula form is related to break-even (contribution approach)?"
fe,516,books,109,P1,"half_translated_question","An information systems strategy should primarily align with:"
fe,518,books,111,P1,"half_translated_opt_C","A common risk of outsourcing is:"
fe,519,books,112,P1,"half_translated_opt_B","Cloud computing is characterized by:"
fe,520,books,113,P1,"half_translated_question","Which activity belongs to external design?"
fe,522,books,115,P1,"half_translated_question","DFD (Data Flow Diagram) is useful to show:"
fe,523,books,116,P1,"half_translated_question;half_translated_opt_C","Function point analysis estimates software size based mainly on:"
fe,525,books,118,P1,"generic_concept","System testing focuses on:"
fe,526,books,119,P1,"half_translated_question;half_translated_opt_A","An appropriate environment to test a changed program without affecting live operations is:"
fe,529,books,123,P1,"generic_concept","On the critical path in PERT/CPM:"
fe,530,books,124,P1,"generic_concept;half_translated_question","Number of one-to-one communication paths among n people is:"
fe,531,books,125,P1,"half_translated_question","For 6 people needing one-to-one communication, minimum paths are:"
fe,534,books,128,P1,"generic_concept","A Gantt chart mainly shows:"
fe,535,books,129,P1,"half_translated_question","An appropriate quality-related indicator in development is:"
fe,536,books,130,P1,"half_translated_opt_D","Service level management is about:"
fe,537,books,132,P1,"half_translated_question","ITIL-style incident management aims to:"
fe,538,books,133,P1,"generic_concept","A problem in ITSM typically means:"
fe,539,books,134,P1,"half_translated_opt_C","Change management is intended to:"
fe,541,books,137,P1,"half_translated_opt_A","Internal control aims to:"
fe,542,books,138,P1,"half_translated_opt_C","Segregation of duties helps to:"
fe,543,books,139,P1,"half_translated_opt_B","An audit trail is useful because it:"
fe,546,books,142,P1,"generic_concept;half_translated_question","What is 753₈ − A6₁₆ in decimal?"
fe,547,books,143,P1,"generic_concept","Four cameras 30 fps, 640×480, 16-bit color, 60 seconds. Approx storage? (1MB=10⁶ B)"
fe,549,books,145,P1,"generic_concept;half_translated_question","Pareto charts in quality control are used to:"
fe,551,books,147,P1,"half_translated_opt_C","MIME is used in email to:"
fe,552,books,148,P1,"half_translated_opt_B","POP3 typically:"
fe,554,books,151,P1,"half_translated_opt_A","Virtual memory allows:"
fe,556,books,154,P1,"half_translated_opt_A","A foreign key references:"
fe,558,books,156,P1,"half_translated_opt_A","An SLA typically defines:"
fe,563,books,161,P1,"half_translated_opt_B","DMA (Direct Memory Access) allows:"
fe,566,books,164,P1,"half_translated_question","Which storage is typically non-volatile?"
fe,567,books,165,P1,"half_translated_opt_A","SRAM is commonly used for cache because:"
fe,568,books,166,P1,"generic_concept","DRAM stores bits mainly using:"
fe,569,books,167,P1,"generic_concept","A bus in computer architecture is:"
fe,570,books,168,P1,"half_translated_opt_A","Hot swappable components allow:"
fe,571,books,169,P1,"generic_concept","ECC memory is used to:"
fe,572,books,170,P1,"generic_concept;half_translated_question","Which RAID level is classically described as striping without parity (no redundancy)?"
fe,573,books,171,P1,"generic_concept","RAID 1 primarily provides:"
fe,574,books,172,P1,"generic_concept;half_translated_question","Which is an input device?"
fe,575,books,173,P1,"half_translated_opt_B","A UPS is used to:"
fe,579,books,177,P1,"half_translated_opt_A","A semaphore is used for:"
fe,581,books,180,P1,"generic_concept","Real-time systems are characterized by:"
fe,582,books,181,P1,"half_translated_opt_B","Batch processing is suitable when:"
fe,584,books,183,P1,"generic_concept","Absolute pathnames start from:"
fe,586,books,186,P1,"generic_concept","API stands for:"
fe,587,books,187,P1,"half_translated_opt_B","Middleware examples include:"
fe,588,books,188,P1,"half_translated_opt_A","Licensed commercial software typically:"
fe,589,books,189,P1,"half_translated_opt_C","Virtualization primarily allows:"
fe,590,books,190,P1,"half_translated_opt_B;half_translated_opt_C","A candidate key is:"
fe,594,books,194,P1,"half_translated_opt_A","A JOIN operation:"
fe,597,books,197,P1,"generic_concept","Deadlock in databases can occur when:"
fe,598,books,198,P1,"half_translated_opt_C","A data warehouse is typically used for:"
fe,599,books,199,P1,"generic_concept","ETL stands for:"
fe,601,books,201,P1,"half_translated_question","The data link layer commonly uses:"
fe,603,books,203,P1,"generic_concept","A switch in a LAN typically forwards based on:"
fe,605,books,205,P1,"half_translated_opt_B","NAT is used to:"
fe,608,books,209,P1,"generic_concept","A proxy server can be used to:"
fe,609,books,210,P1,"generic_concept","IPv6 addresses are:"
fe,610,books,211,P1,"half_translated_question","Which protocol is connectionless at the network layer for best-effort packet delivery on the Internet?"
fe,614,books,215,P1,"half_translated_opt_A;half_translated_opt_B","A hash function is typically used to:"
fe,616,books,217,P1,"generic_concept","Malware includes:"
fe,617,books,218,P1,"half_translated_opt_A","SQL injection attacks target:"
fe,618,books,219,P1,"generic_concept","An IDS is used to:"
fe,619,books,220,P1,"half_translated_question","Social engineering attacks primarily exploit:"
fe,621,books,222,P1,"half_translated_opt_B","A vulnerability is:"
fe,624,books,225,P1,"generic_concept;half_translated_question","A hash table provides average-case:"
fe,626,books,227,P1,"generic_concept","BFS on a graph uses typically:"
fe,629,books,230,P1,"half_translated_question","A full binary tree of height h (root height 0) has at most how many nodes at the last level?"
fe,631,books,232,P1,"generic_concept","Sorting algorithm stability means:"
fe,632,books,233,P1,"generic_concept","A graph G=(V,E) consists of:"
fe,633,books,234,P1,"half_translated_opt_A","Copyright primarily protects:"
fe,634,books,235,P1,"generic_concept","A patent typically protects:"
fe,638,books,239,P1,"half_translated_opt_C","Privacy by design means:"
fe,642,books,244,P1,"half_translated_question","BSC (Balanced Scorecard) typically includes perspectives such as:"
fe,643,books,245,P1,"half_translated_opt_A","SCM (Supply Chain Management) focuses on:"
fe,644,books,246,P1,"generic_concept","PDCA cycle stands for:"
fe,647,books,249,P1,"half_translated_opt_C","A mission statement typically describes:"
fe,648,books,250,P1,"half_translated_opt_B","Competitive advantage can come from:"
fe,649,books,251,P1,"half_translated_opt_A","SOA emphasizes:"
fe,650,books,253,P1,"half_translated_opt_A","IaaS provides primarily:"
fe,651,books,254,P1,"half_translated_opt_A","PaaS provides:"
fe,652,books,255,P1,"generic_concept","BCP/DR planning aims to:"
fe,653,books,256,P1,"half_translated_opt_C","An RPO (Recovery Point Objective) relates to:"
fe,655,books,259,P1,"half_translated_opt_A","Requirements definition aims to:"
fe,656,books,260,P1,"generic_concept","Internal design focuses more on:"
fe,657,books,261,P1,"generic_concept","A prototype is used to:"
fe,659,books,264,P1,"half_translated_opt_C","Acceptance testing is typically done to:"
fe,661,books,266,P1,"half_translated_opt_B","A code review aims to:"
fe,665,books,270,P1,"generic_concept","Cohesion within a module should generally be:"
fe,666,books,271,P1,"generic_concept","A sequence diagram shows:"
fe,667,books,272,P1,"generic_concept;half_translated_question","Maintenance types include corrective, adaptive, perfective — corrective means:"
fe,668,books,273,P1,"half_translated_question;half_translated_opt_A","Project triple constraints classically include:"
fe,669,books,274,P1,"generic_concept","A milestone is:"
fe,670,books,275,P1,"half_translated_opt_C","Slack (float) of an activity is:"
fe,671,books,276,P1,"half_translated_question;half_translated_opt_A","Risk response strategies include avoid, mitigate, transfer, accept — transfer means:"
fe,672,books,277,P1,"generic_concept","A RACI matrix clarifies:"
fe,673,books,279,P1,"generic_concept","Scope creep refers to:"
fe,676,books,283,P1,"generic_concept","Known error typically means:"
fe,677,books,284,P1,"half_translated_opt_C","A CAB in change management is often:"
fe,678,books,285,P1,"generic_concept","A standard change is typically:"
fe,679,books,286,P1,"half_translated_opt_B","Capacity management aims to:"
fe,680,books,287,P1,"generic_concept","Availability management focuses on:"
fe,683,books,290,P1,"half_translated_question","OLAs (Operational Level Agreements) are typically:"
fe,686,books,293,P1,"half_translated_opt_C","Preventive controls aim to:"
fe,687,books,294,P1,"generic_concept","Detective controls aim to:"
fe,690,books,297,P1,"half_translated_opt_A;half_translated_opt_D","Segregation of duties example:"
fe,691,books,298,P1,"half_translated_question;half_translated_opt_B","Access control lists (ACLs) are used to:"
fe,692,books,299,P1,"half_translated_question","Which OSI layer includes IP addressing and routing?"
fe,693,books,300,P1,"half_translated_question","Which is most appropriate to ensure message confidentiality on a public network?"
fe,694,books,301,P1,"half_translated_question","Which structure is best for LIFO temporary storage of return addresses conceptually?"
fe,695,books,302,P1,"generic_concept;half_translated_question","Which chart ranks causes by frequency for quality improvement?"
fe,696,books,303,P1,"generic_concept;half_translated_question","Which estimate method counts EI/EO/EQ/ILF/EIF style functions?"
fe,697,books,304,P1,"half_translated_question","Which process ensures IT services meet agreed targets continuously?"
fe,698,books,305,P1,"half_translated_question","Which device filters packets based on rules between networks?"
fe,699,books,306,P1,"generic_concept;half_translated_question","Which database property ensures either all operations of a transaction complete or none do?"
fe,700,books,307,P1,"half_translated_question","Which document decomposes project deliverables into work packages?"
fe,701,books,308,P1,"generic_concept;half_translated_question","Which testing type checks the system against user acceptance criteria before go-live?"
fe,702,books,309,P1,"half_translated_question;half_translated_opt_B","Which protocol suite layer model has 7 layers?"
fe,703,books,310,P1,"generic_concept;half_translated_question","Which memory management technique uses pages of fixed size?"
fe,704,books,311,P1,"generic_concept;half_translated_question","Which analysis classifies inventory into A/B/C by importance/value?"
fe,705,books,312,P1,"generic_concept;half_translated_question","Which path has zero total float in a network schedule?"
fe,706,books,313,P1,"generic_concept;half_translated_question","Which email-related standard extends messages beyond plain text?"
fe,707,books,314,P1,"generic_concept;half_translated_question","Which attack tricks users into revealing secrets via fake websites/emails?"
fe,708,books,315,P1,"half_translated_question","Which system supports sales process automation?"
fe,709,books,316,P1,"generic_concept;half_translated_question","Which system focuses on customer interactions and relationships?"
fe,710,books,317,P1,"generic_concept;half_translated_question","Which metric is Mean Time To Repair?"
fe,711,books,318,P1,"generic_concept;half_translated_question","Which encryption approach uses the same key for encryption and decryption?"
fe,712,albazzz,332,P1,"half_translated_opt_C;half_translated_opt_D;half_translated_opt_E","Which statement correctly describes the advantage of an interpreter compared with a compiler?"
fe,713,albazzz,453,P1,"generic_concept","Thrashing?"
fe,714,albazzz,561,P1,"generic_concept","Product life cycle stages?"
fe,715,albazzz,564,P1,"generic_concept","SLA is?"
fe,716,albazzz,565,P1,"generic_concept","Incident vs Problem?"
fe,717,albazzz,566,P1,"generic_concept;half_translated_opt_B","Service desk is?"
fe,718,albazzz,568,P1,"generic_concept","Waterfall model?"
fe,720,albazzz,572,P1,"generic_concept;half_translated_opt_D","White-box testing?"
fe,721,albazzz,586,P1,"generic_concept","SaaS means?"
fe,722,albazzz,590,P1,"generic_concept","Benchmarking?"
fe,723,albazzz,609,P1,"generic_concept","Stakeholder is?"
mln,3,all,3,P2,"whyWrong_no_why_A;whyWrong_no_why_B;whyWrong_no_why_C","Khi nghiên cứu về cách mạng công nghiệp lần thứ nhất, C. Mác đã khái quát tính quy luật của các mạng công nghiệp qua các giai đoạn phát triển đó là:"
mln,7,all,7,P1,"generic_concept","Địa tô chênh lệch II thu được trên"
mln,9,all,9,P1,"generic_concept","Chênh lệch Địa tô chính I thu được trên"
mln,27,all,27,P1,"generic_concept","Ai là người đề xuất ra ba loại thương nghiệp (trao đổi tự nhiên, trao đổi tiền tệ, trao đổi thông qua mục đích làm giàu) và hai loại kinh doanh (kinh tế, sản xu"
mln,31,all,31,P1,"generic_concept","Con đường công nghiệp hóa của Liên Xô thường ưu tiên lĩnh vực nào?"
mln,51,all,51,P1,"generic_concept","Nguồn gốc nào không đúng với nguồn vốn công nghiệp hóa ở các nước tư bàn cổ điển?"
mln,62,all,62,P1,"generic_concept","Điển vào chỗ trống: Theo Karl Marx, kinh tế chính trị học tư sản cổ điển Anh bắt đầu từ... và kết thúc ở..."
mln,85,all,85,P1,"generic_concept","Giá cả ruộng đất phụ thuộc các nhân tố nào?"
mln,106,all,106,P1,"generic_concept","Mô hình công nghiệp hóa của Nhật Bản và các nước công nghiệp mới diễn ra trong khoảng bao nhiêu năm?"
mln,109,all,109,P1,"generic_concept","Ai là người đưa kinh tế chính trị trở thành môn khoa học có tính hệ thống với các phạm trù và khái niệm chuyên ngành?"
mln,110,all,110,P1,"generic_concept","Kinh tế chính trị cổ điển Anh được hình thành và phát triển từ cuối thế ký XVIII đến nửa đầu thế kỷ XIX, mở đầu bằng các quan điểm lý luận của nhà kinh tế chính"
mln,115,all,115,P0,"banned_phrase","Xét về trình độ phát triển, kinh tế thị trường ở Việt Nam bao gồm nhiều cấp độ"
mln,116,all,116,P1,"generic_concept","Trong quá trình hội nhập kinh tế quốc tế, Việt Nam đã gia nhập những tổ chức nào sau đây ?"
mln,123,all,123,P1,"generic_concept","""Khoa học và công nghệ sẽ có bước tiến nhảy vọt. Kinh tế tri thức có vai trò ngày càng nổi bật trong quá trình phát triển lực lượng sản xuất"" được nhận định tro"
mln,124,all,124,P0,"banned_phrase","(Đảng Cộng sản Việt Nam, Văn kiện Đại hội đại biểu toàn quốc lần thứ IX, NXB CTQG, H., 2001, tr 64 - 65) Độc quyền được hiểu là:"
mln,136,all,136,P1,"generic_concept","Chức năng khoa học"
mln,146,all,146,P1,"generic_concept","Đại hội nào của Đảng Cộng sản Việt Nam đề cập đến sự cần thiết đổi mới cơ chế quản lý kinh tế"
mln,152,all,152,P1,"half_translated_question","Quan hệ về tỷ lượng trong trao đổi giữa các hàng hóa với nhau do cái gì quy định?"
mln,154,all,154,P1,"generic_concept","Công nghiệp hóa ở nước Anh bắt nguồn từ ngành nào?"
mln,160,all,160,P1,"generic_concept","Mô hình công nghiệp hóa kiểu Liên Xô được bắt đầu trong thời gian nào?"
mln,180,all,180,P1,"generic_concept","Tiền tệ có mấy chức năng?"
mln,189,all,189,P1,"generic_concept","Đảng Cộng sản Việt Nam luôn nhấn mạnh tầm quan trọng của việc xây dựng nền kinh tế."
mln,191,all,191,P1,"generic_concept","Liên kết các doanh nghiệp theo cùng một ngành là theo hình thức:"
mln,211,all,211,P1,"generic_concept","Quan điểm ""đổi mới phải luôn luôn quán triệt quan điểm ""dân là gốc"" vì lợi ích của nhân dân, dựa vào nhân dân, phát huy vai trò làm chủ, tinh thần trách nhiệm, "
mln,215,all,215,P1,"generic_concept","Căn cứ vào đâu để chia ra thành tái sản xuất giản đơn và tái sản xuất mở rộng?"
mln,230,all,230,P1,"generic_concept","Khi phân chia thể chế theo các yếu tố cấu thành lĩnh vực cốt lõi của xã hội, thể chế được phần chia (nhiều phương án)"
mln,236,all,236,P2,"whyWrong_no_why_A;whyWrong_no_why_B;whyWrong_no_why_D","Phương thức sản xuất tư bản chủ nghĩa được thiết lập và phát triển qua các giai đoạn nào sau đây:"
mln,248,all,248,P0,"same_whyWrong_all","Công thức chung của tư bản phản ánh:"
mln,256,all,256,P0,"same_whyWrong_all","Về lượng tỷ suất lợi nhuận (p') là:"
mln,269,all,269,P0,"same_whyWrong_all","Trong những trường hợp nào sau đây của hao phí lao động cá biệt, trường hợp nào không đáp ứng yêu cầu của quy luật giá trị?"
mln,277,all,277,P0,"same_whyWrong_all","Chọn định nghĩa chính xác về tư bản:"
mln,281,all,281,P1,"generic_concept","Ai là người đầu tiên đưa ra khái niệm ""kinh tế- chính trị""?"
mln,297,all,297,P0,"same_whyWrong_all","Giá trị sử dụng của hàng hóa là khái niệm dùng để chỉ"
mln,303,all,303,P1,"generic_concept","Đảng cộng sản Việt Nam là đảng cầm quyền do yếu tố nào sau đây quy định?"
mln,305,all,305,P0,"same_whyWrong_all","Về lượng (hỏi về lượng) tỷ suất lợi nhuận (p') là:"
mln,314,all,314,P0,"same_whyWrong_all","Giá trị sử dụng của hàng hóa phản ánh tính chất nào sau đây"
mln,338,all,338,P0,"same_whyWrong_all","Giá trị thặng dư siêu ngạch là hình thức"
mln,341,all,341,P2,"whyWrong_no_why_B;whyWrong_no_why_C;whyWrong_no_why_D","Về mặt lịch sử, các hình thức tổ chức độc quyền cơ bản từ thấp đến cao đó là"
mln,343,all,343,P1,"generic_concept","Tổ chức Hợp tác và Phát triển kinh tế gọi tắt là gì?"
mln,345,all,345,P1,"generic_concept","Mục đích chủ yếu của các Conglomerate là thu lợi nhuận từ đâu?"
mln,352,all,352,P1,"generic_concept","Vê mặt lượng giữa p' và m' thì:"
mln,353,all,353,P0,"same_whyWrong_all","Các hình thức độc quyền nào thấp nhất trong các hình thức sau?"
mln,354,all,354,P1,"generic_concept","Lĩnh vực nghiên cứu trọng tâm của chủ nghĩa trọng thương là gì?"
mln,369,all,369,P0,"same_whyWrong_all","Số lượng tiền cần thiết trong lưu thông có mỗi quan hệ thế nào với tổng số giá cả hàng hóa được đưa ra thị trường và tốc độ lưu thông của tiền tệ?"
mln,377,all,377,P1,"generic_concept","Chủ nghĩa trọng nông tập trung trọng tâm vào nghiên cứu lĩnh vực nào?"
mln,380,all,380,P1,"generic_concept","Tỷ suất lợi nhuận được ký hiệu là p' được tính bằng công thức:"
mln,385,all,385,P2,"mln_should_use_vaiTro_B;mln_should_use_vaiTro_C;mln_should_use_vaiTro_D","Sự xuất hiện của yếu tố nào làm cho quá trình quốc tế hóa, toàn cầu hóá kinh tế được đấy mạnh?"
mln,401,all,401,P0,"same_whyWrong_all","Mục đích nghiên cứu ở cấp độ cao nhất của kinh tế chính trị Mác - Lênin là gì?"
mln,402,all,402,P0,"same_whyWrong_all","Hình thức độc quyền nào thống nhất việc sản xuất, tiêu thụ, tài vụ đều do một ban quản trị quản lý?"
mln,403,all,403,P1,"generic_concept","Cạnh tranh giữa các ngành xảy ra khi có sự khác nhau về:"
mln,410,all,410,P0,"same_whyWrong_all","Mọi hình thức lạm phát đều làm tăng:"
mln,419,all,419,P1,"generic_concept","Sau những năm 50 của thế ký XX, chủ nghĩa tư bàn chuyển sang chính sách thực dân mới đó là: (chọn nhiều đáp án)"
mln,425,all,425,P1,"generic_concept","Hàng hoá có bao nhiêu thuộc tính?"
mln,437,all,437,P0,"same_whyWrong_all","Các hình thức độc quyền nào cao nhất trong các hình thức sau?"
mln,439,all,439,P1,"generic_concept","Mua cổ phiếu, trái phiếu là hình thức đầu tư gì?"
mln,446,all,446,P1,"generic_concept","Mô hình công nghiệp hoá của Nhật Bản và các nước công nghiệp mới gọi tắt là gì?"
mln,450,all,450,P0,"same_whyWrong_all","Khoa học kỹ thuật càng phát triển làm cho:"
mln,459,all,459,P0,"same_whyWrong_all","Căn cứ vào đối tượng trao đổi, mua bán cụ thể có các loại thị trường nào?"
mln,463,all,463,P1,"generic_concept","Xu hướng chung của sản xuất tư bàn chủ nghĩa là:"
mln,467,all,467,P1,"generic_concept","Quốc gia nào thuộc nhóm các nước công nghiệp mới (NICS)?"
mln,470,all,470,P0,"same_whyWrong_all","Thị trường được hiểu là gì?"
mln,482,all,482,P0,"same_whyWrong_all","Khi các xí nghiệp tham gia chỉ mất độc lập về lưu thông là hình thức độc quyền nào?"
mln,501,all,501,P0,"same_whyWrong_all","Hiện nay, do sự phát triển của lực lượng sản xuất và khoa học công nghệ đã hình thành các tổ chức độc quyền mới đó là:"
mln,510,all,510,P2,"whyWrong_no_why_A;whyWrong_no_why_B;whyWrong_no_why_C","Xét trên phương diện lịch sủ, các hình thức tổ chức độc quyền phát triển từ thấp đến cao bao gồm:"
mln,525,all,525,P1,"generic_concept","Quy luật kinh tế tồn tại mang tính chất:"
mln,530,all,530,P0,"same_whyWrong_all","Những hạn chế của chủ nghĩa tư bản bắt nguồn từ mâu thuẫn cơ bản của chủ nghĩa tư bản, đó là mâu thuẫn nào?"
mln,531,all,531,P0,"same_whyWrong_all","Hãy chỉ ra đặc điểm cơ bản của tổ chức độc quyền Syndicate?"
mln,540,all,540,P1,"generic_concept;half_translated_opt_D","Đâu là các đại diện tiêu biểu của trường phái kinh tế chính trị cổ điến Anh?"
mln,542,all,542,P0,"same_whyWrong_all","Tư bản thương nghiệp của chủ nghĩa tư bản là:"
mln,551,fuexam,527,P2,"whyWrong_no_why_A;whyWrong_no_why_B;whyWrong_no_why_C","Xét trên phương diện lịch sử, các hình thức tổ chức độc quyền phát triển từ thấp đến cao bao gồm"
mln,568,fuexam,545,P1,"generic_concept","Quy luật kinh tế tôn tại mang tính chất:"
mln,587,fuexam,569,P1,"generic_concept","Địa tô chênh lệch II được thu trên ruộng đất nào?"
mln,595,fuexam,577,P1,"generic_concept","Quan điểm cho rằng, xã hội loài người phát triển dựa theo những quy luật tự nhiên thuộc về trường phái nào?"
mln,599,fuexam,581,P1,"generic_concept","Chính sách kinh tế được hiểu là hoạt động mang tính chất"
mln,610,fuexam,592,P1,"generic_concept","Các tài phiệt thực hiện sự thống trị thông qua cách thức nào?"
jit,50,quiz,50,P1,"half_translated_opt_A","HTMLについて正しいものをえらんでください。"
jit,88,quiz,88,P1,"half_translated_question","MIDI（Musical Instrument Digital Interface）命令のデータ量はどれか。"
jit,91,quiz,91,P1,"whyCorrect_too_short","デジタル画像のVGA解像度として正しいものをえらんでください。"
jit,103,quiz,103,P1,"half_translated_question","MIDI（Musical Instrument Digital Interface）について正しいものをえらんでください。"
jit,111,quiz,111,P1,"jit_opt_no_gloss_A","【専門用語】次のベトナム語の用語を日本語に直しなさい。 Cơ sở dữ liệu quan hệ"
jit,140,sample,9,P1,"half_translated_question","【専門知識】HTMLとは;Hyper Text Markup Languageの略で、文字の（ ）、音、ファイルへのリンクなどが記述できます。"
jit,179,sample,48,P1,"jit_opt_no_gloss_A;jit_opt_no_gloss_D","【専門用語】次のベトナム語の用語を日本語に直しなさい。 Cơ sở dữ liệu quan hệ"
jit,186,pt,3,P1,"whyCorrect_too_short","JISコードは、日本工業規格 JIS が定めたもので、（  ）bitの数字を（  ）桁ずつ区切って表します。"
jit,197,pt,14,P1,"whyCorrect_too_short","世界の主要な言語で使われている文字を統一的に表す文字コードはどれか。"
jit,201,pt,18,P1,"whyCorrect_too_short","「変調」は英語で何ですか。"
jit,202,pt,19,P1,"whyCorrect_too_short","映像データや音声データの圧縮方式として代表的なものはどれか。"
jit,206,pt,23,P1,"whyCorrect_too_short","プリンタの解像度をドット数で表す単位は何といいますか。"
jit,208,pt,25,P1,"whyCorrect_too_short","A〜Zの26種類の文字を表現するには最低何ビット必要か。"
jit,210,pt,27,P1,"whyCorrect_too_short","（  ）とは、数値を扱う際に「基となる数」のことである。"
jit,213,pt,30,P1,"whyCorrect_too_short","電源が切れたとき、データが消えてしまうものは何ですか。"
jit,220,pt,37,P1,"jit_opt_no_gloss_A;jit_opt_no_gloss_B;jit_opt_no_gloss_C","装置Aと装置Bが直列につながっているシステムを何と言いますか。"
jit,221,pt,38,P1,"jit_opt_no_gloss_A;jit_opt_no_gloss_B;jit_opt_no_gloss_C;whyCorrect_too_short","装置Aと装置Bが並列につながっているシステムを何と言いますか。"
jit,222,pt,39,P1,"whyCorrect_too_short","イラストなどに使われる、最大表示色が256色の静止画圧縮形式はどれか。"
jit,224,pt,41,P1,"whyCorrect_too_short","2バイトで1文字を表すとき、何種類の文字まで表せるか。"
jit,225,pt,42,P1,"whyCorrect_too_short","10進数155を2進数で表したものはどれか。"
jit,226,pt,43,P1,"whyCorrect_too_short","2進数1.111を10進数で表現したものはどれか。"
jit,227,pt,44,P1,"whyCorrect_too_short","MIDI命令のデータ段階（取りうる値の数）として適切なものはどれか。"
jit,232,pt,49,P1,"whyCorrect_too_short","圧縮・解凍ソフトでファイルを圧縮したとき、圧縮方式によって付けられる拡張子として正しいものはどれですか。"
jit,233,pt,50,P1,"whyCorrect_too_short","動画像では、静止画圧縮と差分記録を組み合わせて圧縮率を高めた形式としてよく用いられるものは何ですか。"
jit,235,pt,52,P1,"whyCorrect_too_short","ネットワークのデータ伝送速度を表す単位はどれか。"
jit,237,pt,54,P1,"whyCorrect_too_short","「マス目」はベトナム語で何ですか。"
jit,252,pt,69,P1,"whyCorrect_too_short","クロック周波数 3 GHz のプロセッサにおいて、1つの命令が6クロックで実行できるとき、1命令の実行に必要な時間は何ナノ秒か。"
jit,267,pt,84,P1,"half_translated_opt_D","CALS(Commerce At Light Speed)について、正しいものはどれですか。"
jit,273,pt,90,P1,"half_translated_opt_B","フォルダの管理とパスに関する説明として、正しいものはどれですか。"
jit,285,pt,102,P0,"banned_phrase","電子マネーの形態について、正しいものはどれですか。"
jit,286,pt,103,P1,"whyCorrect_too_short","NTTドコモのFOMAの商品は何世代携帯電話のものですか。"
jit,292,pt,109,P1,"jit_opt_no_gloss_A;jit_opt_no_gloss_B;jit_opt_no_gloss_C","Chọn cách gọi tên đúng của hệ thống trong hình"
jit,295,fuexam,41,P1,"half_translated_question","ロングテールの考え方を活用したインターネットにおけるビジネスの説明として、適切なものはどれか"
jit,303,fuexam,49,P1,"jit_opt_no_gloss_B;jit_opt_no_gloss_D","映画では1秒に何回の書き換えを行っていますか。"
jit,317,slides,298,P1,"half_translated_question","【専門知識】HTMLとは;Hyper Text Markup Languageの略で、文字の（ ）、音、ファイルへのリンクなどが記述できます。"
jit,331,slides,321,P1,"whyCorrect_too_short","【専門用語】ジョン・モークリー（John Mauchly） の意味として最も適切なものはどれか。"
jit,332,slides,322,P1,"whyCorrect_too_short","【専門用語】パス（path） の意味として最も適切なものはどれか。"
jit,333,slides,323,P1,"whyCorrect_too_short","【専門用語】ライプニッツの乗算機（Leibniz のじょうさんき） の意味として最も適切なものはどれか。"
jit,334,slides,324,P1,"whyCorrect_too_short","【専門用語】フォン・ノイマン（John von Neumann） の意味として最も適切なものはどれか。"
jit,335,slides,325,P1,"whyCorrect_too_short","【専門用語】ファイル（file） の意味として最も適切なものはどれか。"
jit,336,slides,326,P1,"whyCorrect_too_short","【専門用語】汎用計算機（はんようけいさんき） の意味として最も適切なものはどれか。"
jit,337,slides,327,P1,"whyCorrect_too_short","【専門用語】アプリケーション（a pplication） の意味として最も適切なものはどれか。"
jit,338,slides,328,P1,"whyCorrect_too_short","【専門用語】子供のフォルダ（こどもの folder） の意味として最も適切なものはどれか。"
jit,349,slides,339,P1,"whyCorrect_too_short","【専門用語】不公平（ふこうへい） の意味として最も適切なものはどれか。"
jit,350,slides,340,P1,"whyCorrect_too_short","【専門用語】フリーウェア（Freeware） の意味として最も適切なものはどれか。"
jit,351,slides,341,P1,"whyCorrect_too_short","【専門用語】放送権（ほうそうけん） の意味として最も適切なものはどれか。"
jit,352,slides,342,P1,"whyCorrect_too_short","【専門用語】実行ファイル（じっこう File） の意味として最も適切なものはどれか。"
jit,354,slides,344,P1,"whyCorrect_too_short","【専門用語】著作人格権（ちょさくじんかくけん） の意味として最も適切なものはどれか。"
jit,356,slides,346,P1,"whyCorrect_too_short","【専門用語】漏洩（ろうえい） の意味として最も適切なものはどれか。"
jit,364,slides,354,P1,"whyCorrect_too_short","【専門用語】増幅器（ぞうふくき） の意味として最も適切なものはどれか。"
jit,365,slides,355,P1,"whyCorrect_too_short","【専門用語】電荷（でんか） の意味として最も適切なものはどれか。"
jit,366,slides,356,P1,"whyCorrect_too_short","【専門用語】透過（とうか） の意味として最も適切なものはどれか。"
jit,368,slides,358,P1,"whyCorrect_too_short","【専門用語】周波数帯域（ちゅうはすうたいいき） の意味として最も適切なものはどれか。"
jit,369,slides,359,P1,"whyCorrect_too_short","【専門用語】ブロードバンド（broadband） の意味として最も適切なものはどれか。"
jit,370,slides,360,P1,"half_translated_question","【専門用語】SED（Surface-conduction Electron-emitter Display） の意味として最も適切なものはどれか。"
jit,371,slides,361,P1,"whyCorrect_too_short","【専門用語】盗聴（とうちょう） の意味として最も適切なものはどれか。"
jit,380,slides,370,P1,"whyCorrect_too_short","【専門用語】遮蔽物（しゃへいぶつ） の意味として最も適切なものはどれか。"
jit,381,slides,371,P1,"whyCorrect_too_short","【専門用語】ハンズフリー（hands-free） の意味として最も適切なものはどれか。"
jit,382,slides,372,P1,"whyCorrect_too_short","【専門用語】光ファイバ（ひかり fiber） の意味として最も適切なものはどれか。"
jit,383,slides,373,P1,"whyCorrect_too_short","【専門用語】ユビキタス（ubiquitous） の意味として最も適切なものはどれか。"
jit,384,slides,374,P1,"whyCorrect_too_short","【専門用語】POS（Point of Sale） の意味として最も適切なものはどれか。"
jit,385,slides,375,P1,"whyCorrect_too_short","【専門用語】コスト削減（cost さくげん） の意味として最も適切なものはどれか。"
jit,387,slides,377,P1,"whyCorrect_too_short","【専門用語】受信機（じゅしんき） の意味として最も適切なものはどれか。"
jit,391,slides,381,P1,"half_translated_opt_C","（データ通信技術）有線接続 について正しい説明はどれか。"
jit,393,slides,383,P1,"whyCorrect_too_short","【専門用語】WAN（Wide Area Network） の意味として最も適切なものはどれか。"
jit,394,slides,384,P1,"whyCorrect_too_short","【専門用語】スター型（star がた） の意味として最も適切なものはどれか。"
jit,395,slides,385,P1,"whyCorrect_too_short","【専門用語】ネームサーバ（name server） の意味として最も適切なものはどれか。"
jit,396,slides,386,P1,"whyCorrect_too_short","【専門用語】犯罪的行為（はんざいてきこうい） の意味として最も適切なものはどれか。"
jit,397,slides,387,P1,"whyCorrect_too_short","【専門用語】大域的（たいいきてき） の意味として最も適切なものはどれか。"
jit,399,slides,389,P1,"whyCorrect_too_short","【専門用語】局所的（きょくしょてき） の意味として最も適切なものはどれか。"
jit,400,slides,390,P1,"whyCorrect_too_short","【専門用語】攻撃（こうげき） の意味として最も適切なものはどれか。"
jit,409,slides,399,P1,"whyCorrect_too_short","【専門用語】人工言語（じんこうげんご） の意味として最も適切なものはどれか。"
jit,410,slides,400,P1,"whyCorrect_too_short","【専門用語】本質的な（ほんしつてきな） の意味として最も適切なものはどれか。"
jit,411,slides,401,P1,"whyCorrect_too_short","【専門用語】IP アドレス（IP address） の意味として最も適切なものはどれか。"
jit,412,slides,402,P1,"whyCorrect_too_short","【専門用語】無償奉仕（むしょうほうし） の意味として最も適切なものはどれか。"
jit,413,slides,403,P1,"whyCorrect_too_short","【専門用語】サブネットマスク（subnet mask） の意味として最も適切なものはどれか。"
jit,414,slides,404,P1,"whyCorrect_too_short","【専門用語】大幅に（おおはばに） の意味として最も適切なものはどれか。"
jit,415,slides,405,P1,"whyCorrect_too_short","【専門用語】物理層（ぶつりそう） の意味として最も適切なものはどれか。"
jit,416,slides,406,P1,"whyCorrect_too_short","【専門用語】一覧表（いちらんひょう） の意味として最も適切なものはどれか。"
jit,421,slides,411,P1,"half_translated_opt_C","（インターネット技術）HTML について正しい説明はどれか。"
jit,423,slides,413,P1,"whyCorrect_too_short","【専門用語】出力結果（しゅつりょくけっか） の意味として最も適切なものはどれか。"
jit,425,slides,415,P1,"whyCorrect_too_short","【専門用語】匿名（とくめい） の意味として最も適切なものはどれか。"
jit,426,slides,416,P1,"whyCorrect_too_short","【専門用語】電子マネー（でんし money） の意味として最も適切なものはどれか。"
jit,428,slides,418,P1,"whyCorrect_too_short","【専門用語】受注（じゅちゅう） の意味として最も適切なものはどれか。"
jit,437,slides,427,P1,"whyCorrect_too_short","【専門用語】認証（にんしょう） の意味として最も適切なものはどれか。"
jit,438,slides,428,P1,"whyCorrect_too_short","【専門用語】復元する（ふくげんする） の意味として最も適切なものはどれか。"
jit,439,slides,429,P1,"whyCorrect_too_short","【専門用語】秘密鍵（ひみつかぎ） の意味として最も適切なものはどれか。"
jit,440,slides,430,P1,"whyCorrect_too_short","【専門用語】秘密鍵方式（ひみつかぎほうしき） の意味として最も適切なものはどれか。"
jit,441,slides,431,P1,"whyCorrect_too_short","【専門用語】錠（じょう） の意味として最も適切なものはどれか。"
jit,442,slides,432,P1,"whyCorrect_too_short","【専門用語】当人（とうにん） の意味として最も適切なものはどれか。"
jit,443,slides,433,P1,"whyCorrect_too_short","【専門用語】古典的（こてんてき） の意味として最も適切なものはどれか。"
jit,444,slides,434,P1,"whyCorrect_too_short","【専門用語】デジタル証明書（digital しょうめいしょ） の意味として最も適切なものはどれか。"
jit,453,slides,443,P1,"whyCorrect_too_short","【専門用語】踏み台（ふみだい） の意味として最も適切なものはどれか。"
jit,454,slides,444,P1,"whyCorrect_too_short","【専門用語】悪用する（あくようする） の意味として最も適切なものはどれか。"
jit,455,slides,445,P1,"whyCorrect_too_short","【専門用語】即座に（そくざに） の意味として最も適切なものはどれか。"
jit,456,slides,446,P1,"whyCorrect_too_short","【専門用語】挙動（きょどう） の意味として最も適切なものはどれか。"
jit,457,slides,447,P1,"whyCorrect_too_short","【専門用語】不正侵入（ふせいしんにゅう） の意味として最も適切なものはどれか。"
jit,459,slides,449,P1,"whyCorrect_too_short","【専門用語】信頼度成長曲線（しんらいどせいちょう きょくせん） の意味として最も適切なものはどれか。"
jit,469,slides,459,P1,"whyCorrect_too_short","【専門用語】出力装置（しゅつりょくそうち） の意味として最も適切なものはどれか。"
jit,470,slides,460,P1,"whyCorrect_too_short","【専門用語】クロック（clock） の意味として最も適切なものはどれか。"
jit,471,slides,461,P1,"whyCorrect_too_short","【専門用語】グラフィックプロセッサ（graphic processor） の意味として最も適切なものはどれか。"
jit,472,slides,462,P1,"whyCorrect_too_short","【専門用語】チップセット（chip set） の意味として最も適切なものはどれか。"
jit,474,slides,464,P1,"whyCorrect_too_short","【専門用語】基板（きばん） の意味として最も適切なものはどれか。"
jit,475,slides,465,P1,"whyCorrect_too_short","【専門用語】演算装置（えんざんそうち） の意味として最も適切なものはどれか。"
jit,476,slides,466,P1,"whyCorrect_too_short","【専門用語】整数（せいすう） の意味として最も適切なものはどれか。"
jit,485,slides,475,P1,"whyCorrect_too_short","【専門用語】余る（あまる） の意味として最も適切なものはどれか。"
jit,486,slides,476,P1,"whyCorrect_too_short","【専門用語】削る（けずる） の意味として最も適切なものはどれか。"
jit,487,slides,477,P1,"whyCorrect_too_short","【専門用語】ダイオード（diode） の意味として最も適切なものはどれか。"
jit,488,slides,478,P1,"whyCorrect_too_short","【専門用語】半導体（はんどうたい） の意味として最も適切なものはどれか。"
jit,489,slides,479,P1,"whyCorrect_too_short","【専門用語】電球（でんきゅう） の意味として最も適切なものはどれか。"
jit,490,slides,480,P1,"whyCorrect_too_short","【専門用語】発光ダイオード LED（はっこう diode Light Emitting Diode） の意味として最も適切なものはどれか。"
jit,491,slides,481,P1,"whyCorrect_too_short","【専門用語】論理積（ろんりせき） の意味として最も適切なものはどれか。"
jit,492,slides,482,P1,"whyCorrect_too_short","【専門用語】論理素子（ろんりそし） の意味として最も適切なものはどれか。"
jit,500,slides,490,P1,"whyCorrect_too_short","【専門用語】基数（きすう） の意味として最も適切なものはどれか。"
jit,501,slides,491,P1,"whyCorrect_too_short","【専門用語】16 進数（じゅうろくしんすう） の意味として最も適切なものはどれか。"
jit,502,slides,492,P1,"whyCorrect_too_short","【専門用語】書き並べる（かきならべる） の意味として最も適切なものはどれか。"
jit,503,slides,493,P1,"whyCorrect_too_short","【専門用語】10 進数（じっしんすう） の意味として最も適切なものはどれか。"
jit,504,slides,494,P1,"whyCorrect_too_short","【専門用語】合計する（ごうけいする） の意味として最も適切なものはどれか。"
jit,505,slides,495,P1,"whyCorrect_too_short","【専門用語】テイラー展開（Taylor てんかい） の意味として最も適切なものはどれか。"
jit,506,slides,496,P1,"whyCorrect_too_short","【専門用語】加減乗除（かげんじょうじょ） の意味として最も適切なものはどれか。"
jit,507,slides,497,P1,"whyCorrect_too_short","【専門用語】余り（あまり） の意味として最も適切なものはどれか。"
jit,517,slides,507,P1,"whyCorrect_too_short","【専門用語】性能（せいのう） の意味として最も適切なものはどれか。"
jit,518,slides,508,P1,"whyCorrect_too_short","【専門用語】客観的（きゃっかんてき） の意味として最も適切なものはどれか。"
jit,519,slides,509,P1,"whyCorrect_too_short","【専門用語】改行コード（かいぎょう code） の意味として最も適切なものはどれか。"
jit,521,slides,511,P1,"whyCorrect_too_short","【専門用語】オペレーティング システム（operating system） の意味として最も適切なものはどれか。"
jit,522,slides,512,P1,"whyCorrect_too_short","【専門用語】主観的（しゅかんてき） の意味として最も適切なものはどれか。"
jit,523,slides,513,P1,"whyCorrect_too_short","【専門用語】指摘する（してきする） の意味として最も適切なものはどれか。"
jit,524,slides,514,P1,"whyCorrect_too_short","【専門用語】最小単位（さいしょうたんい） の意味として最も適切なものはどれか。"
jit,530,slides,520,P1,"whyCorrect_too_short","【専門用語】インクジェット プリンタ（inkjet printer） の意味として最も適切なものはどれか。"
jit,531,slides,521,P1,"whyCorrect_too_short","【専門用語】原色（げんしょく） の意味として最も適切なものはどれか。"
jit,532,slides,522,P1,"whyCorrect_too_short","【専門用語】量子化数（りょうしかすう） の意味として最も適切なものはどれか。"
jit,533,slides,523,P1,"whyCorrect_too_short","【専門用語】音符（おんぷ） の意味として最も適切なものはどれか。"
jit,534,slides,524,P1,"whyCorrect_too_short","【専門用語】特殊なコード（とくしゅな code） の意味として最も適切なものはどれか。"
jit,535,slides,525,P1,"whyCorrect_too_short","【専門用語】縦横（たてよこ） の意味として最も適切なものはどれか。"
jit,536,slides,526,P1,"whyCorrect_too_short","【専門用語】静止画像（せいしがぞう） の意味として最も適切なものはどれか。"
jit,537,slides,527,P1,"whyCorrect_too_short","【専門用語】接続端子（せつぞくたんし） の意味として最も適切なものはどれか。"
jit,545,slides,535,P1,"whyCorrect_too_short","【専門用語】パリティチェック（parity check） の意味として最も適切なものはどれか。"
jit,547,slides,537,P1,"whyCorrect_too_short","【専門用語】差分（さぶん） の意味として最も適切なものはどれか。"
jit,548,slides,538,P1,"whyCorrect_too_short","【専門用語】不可逆（ふかぎゃく） の意味として最も適切なものはどれか。"
jit,549,slides,539,P1,"whyCorrect_too_short","【専門用語】BPS（Bit Per Second） の意味として最も適切なものはどれか。"
jit,550,slides,540,P1,"whyCorrect_too_short","【専門用語】損なう（そこなう） の意味として最も適切なものはどれか。"
jit,551,slides,541,P1,"whyCorrect_too_short","【専門用語】プロセッサー（processor） の意味として最も適切なものはどれか。"
jit,552,slides,542,P1,"whyCorrect_too_short","【専門用語】車線（しゃせん） の意味として最も適切なものはどれか。"
jit,560,slides,550,P1,"whyCorrect_too_short","【専門用語】ガレージ（ｇ arage） の意味として最も適切なものはどれか。"
jit,563,slides,553,P1,"whyCorrect_too_short","【専門用語】中身（なかみ） の意味として最も適切なものはどれか。"
jit,565,slides,555,P1,"whyCorrect_too_short","【専門用語】スワッピング（s wapping） の意味として最も適切なものはどれか。"
jit,566,slides,556,P1,"whyCorrect_too_short","【専門用語】マルチユーザ（multiuser） の意味として最も適切なものはどれか。"
jit,573,slides,563,P1,"whyCorrect_too_short","【専門用語】階層構造（かいそうこうぞう） の意味として最も適切なものはどれか。"
jit,574,slides,564,P1,"whyCorrect_too_short","【専門用語】起動（きどう） の意味として最も適切なものはどれか。"
jit,575,slides,565,P1,"whyCorrect_too_short","【専門用語】リレーショナル 表現（Relational ひょうげん） の意味として最も適切なものはどれか。"
jit,576,slides,566,P1,"whyCorrect_too_short","【専門用語】網的表現（あみてきひょうげん） の意味として最も適切なものはどれか。"
jit,577,slides,567,P1,"whyCorrect_too_short","【専門用語】急激（きゅうげき） の意味として最も適切なものはどれか。"
jit,578,slides,568,P1,"whyCorrect_too_short","【専門用語】自然な結合（しぜんなけつごう） の意味として最も適切なものはどれか。"
jit,579,slides,569,P1,"whyCorrect_too_short","【専門用語】共通部分（きょうつうぶぶん） の意味として最も適切なものはどれか。"
jit,580,slides,570,P1,"whyCorrect_too_short","【専門用語】実用性（じつようせい） の意味として最も適切なものはどれか。"
jit,587,slides,577,P1,"whyCorrect_too_short","【専門用語】昇順（しょうじゅん） の意味として最も適切なものはどれか。"
jit,588,slides,578,P1,"whyCorrect_too_short","【専門用語】更新（こうしん） の意味として最も適切なものはどれか。"
jit,589,slides,579,P1,"whyCorrect_too_short","【専門用語】削除（さくじょ） の意味として最も適切なものはどれか。"
jit,591,slides,581,P1,"whyCorrect_too_short","【専門用語】要素名（ようそめい） の意味として最も適切なものはどれか。"
jit,592,slides,582,P1,"whyCorrect_too_short","【専門用語】構文（こうぶん） の意味として最も適切なものはどれか。"
jit,593,slides,583,P1,"whyCorrect_too_short","【専門用語】ワイルドカード（wildcard） の意味として最も適切なものはどれか。"
jit,594,slides,584,P1,"whyCorrect_too_short","【専門用語】降順（こうじゅん） の意味として最も適切なものはどれか。"
jit,602,slides,592,P1,"half_translated_opt_D","（データベース記述）結合 について正しい説明はどれか。"
jit,603,slides,593,P1,"whyCorrect_too_short","【専門用語】動作（どうさ） の意味として最も適切なものはどれか。"
jit,604,slides,594,P1,"whyCorrect_too_short","【専門用語】蓄える（たくわえる） の意味として最も適切なものはどれか。"
jit,605,slides,595,P1,"whyCorrect_too_short","【専門用語】低級言語（ていきゅうげんご） の意味として最も適切なものはどれか。"
jit,606,slides,596,P1,"whyCorrect_too_short","【専門用語】定型的（ていけいてき） の意味として最も適切なものはどれか。"
jit,608,slides,598,P1,"whyCorrect_too_short","【専門用語】コンパイラ（compiler） の意味として最も適切なものはどれか。"
jit,609,slides,599,P1,"whyCorrect_too_short","【専門用語】添え字（そえじ） の意味として最も適切なものはどれか。"
jit,610,slides,600,P1,"whyCorrect_too_short","【専門用語】XML 言語（XML げんご） の意味として最も適切なものはどれか。"
jit,618,slides,608,P1,"whyCorrect_too_short","【専門用語】頻繁（ひんぱん） の意味として最も適切なものはどれか。"
jit,619,slides,609,P1,"whyCorrect_too_short","【専門用語】エラー対策（error たいさく） の意味として最も適切なものはどれか。"
jit,620,slides,610,P1,"whyCorrect_too_short","【専門用語】書き下す（かきくだす） の意味として最も適切なものはどれか。"
jit,621,slides,611,P1,"whyCorrect_too_short","【専門用語】試行錯誤（しこうさくご） の意味として最も適切なものはどれか。"
jit,622,slides,612,P1,"whyCorrect_too_short","【専門用語】フローチャート（flowchart） の意味として最も適切なものはどれか。"
jit,623,slides,613,P1,"whyCorrect_too_short","【専門用語】投入（とうにゅう） の意味として最も適切なものはどれか。"
jit,624,slides,614,P1,"whyCorrect_too_short","【専門用語】身振り（みぶり） の意味として最も適切なものはどれか。"
jit,625,slides,615,P1,"whyCorrect_too_short","【専門用語】バブルソート（bubble sort） の意味として最も適切なものはどれか。"