subject,local_subject,remote_id,num,answer,source,question
mln122,mln,345,345,A,bank_526,Đâu KHÔNG phải là nhân tố ảnh hưởng đến quy mô tích luỹ tư bản?
mln122,mln,527,527,D,fuexam,"Xét trên phương diện lịch sử, các hình thức tổ chức độc quyền phát triển từ thấp đến cao bao gồm"
mln122,mln,528,528,ACD,fuexam,Hãy chỉ ra vai trò tích cực của chủ nghĩa tư bản.
mln122,mln,529,529,A,fuexam,"Điền vào chỗ trống để hoàn thành câu sau: ""______ đề ra tập trung sản xuất và sự tập trung sản xuất này, khi phát triển tới một mức độ nhất định, lại dần tới độc quyền"""
mln122,mln,530,530,A,fuexam,Việt Nam tham gia sáng lập diễn đàn hợp tác Á - Âu (ASEM) năm nào?
mln122,mln,531,531,ABC,fuexam,"Trong trạng thái độc quyền, canh tranh trong nội bộ các tổ chức độc quyền nhằm mục đích gì?"
mln122,mln,532,532,C,fuexam,Khi sản xuất và trao đổi hàng hóa phát triển đòi hỏi phải có một vật ngang giả chung xuất hiện ở hình thái nào?
mln122,mln,533,533,AB,fuexam,Quá trình sản xuất giá trị thông dư là sự thống nhất giữa các yếu tố nào sau đây?
mln122,mln,534,534,A,fuexam,Điều gì xảy ra nếu cung thấp hơn câu?
mln122,mln,535,535,AC,fuexam,"Phạm trù lợi nhuận chẳng qua chỉ là một hình thái thần bí hóa của giá trị thặng dư, nguyên nhân của việc này xuất phát từ:"
mln122,mln,537,537,A,fuexam,Lao động trừu tượng tạo ra yếu tố nào?
mln122,mln,538,538,A,fuexam,Tiên có mấy chức năng?
mln122,mln,539,539,B,fuexam,"Loại tiền nào được hiểu là phương tiện thanh toán mà giá trị hay sức mua của nó với tư cách là tiên vượt xa chi phí sản xuất ra nó hay giá trị của nó khi dùng vào việc khác, chứ không dùng làm tiên?"
mln122,mln,540,540,A,fuexam,Khi tích tụ và tập trung sản xuất phát triển đến một mức độ nào đó sẽ dẫn đến vấn đề gì trong nên sản xuất từ bản?
mln122,mln,541,541,AB,fuexam,Hàng hóa được trao đổi với nhau dựa trên yếu tố nào?
mln122,mln,542,542,B,fuexam,"Cụm từ nào thích hợp để điền vào dầu ( ) sau: ""Kinh tế thị trường định hướng ( ) là nền kinh tế vận hành theo các quy luật của ( )"""
mln122,mln,543,543,A,fuexam,Cơ chế thị trường được Adam Smith vị như
mln122,mln,544,544,B,fuexam,Hai phương pháp sản xuất giá trị thông dư là
mln122,mln,545,545,B,fuexam,Quy luật kinh tế tôn tại mang tính chất:
mln122,mln,546,546,A,fuexam,Người phát minh ra con thoi - một cải tiến của khung dệt và là một đồng góp quan trọng cho cách mạng công nghiệp lần thứ nhất là
mln122,mln,548,548,A,fuexam,Cách mạng công nghiệp lần thứ nhất khởi phát từ nước nào?
mln122,mln,549,549,A,fuexam,Quy luật giá trị yêu cầu sản xuất và trao đổi hàng hoà phải tiến hành trên cơ sở nào
mln122,mln,550,550,ABC,fuexam,Nguyên nhân hình thành độc quyền trong nền kinh tế thị trường ở các nước tư bản chủ nghĩa là gì?
mln122,mln,551,551,A,fuexam,"""Xây dựng nền kinh tế tự chủ phải trên cơ sở làm chủ công nghệ và chủ động, tích cực hội nhập, đa dạng hóa thị trường, nâng cao khả năng thích ứng với nền kinh tế..."" Nội dung trên được trích trong văn kiện nào của Đảng?"
mln122,mln,553,553,D,fuexam,"Theo nghĩa trừu tượng, thị trường được hiểu như thế nào?"
mln122,mln,554,554,B,fuexam,"Trong tuần hoàn từ bán, giai đoạn đầu tiên - giai đoạn lưu thông tư bản tồn tại dưới hình thái gì?"
mln122,mln,555,555,AB,fuexam,Để sức lao động trở thành hàng hóa thì cần những điều kiện nào?
mln122,mln,556,556,A,fuexam,Tiên trong nên sản xuất hàng hóa giản đơn vận động trong quan hệ nào sau đây?
mln122,mln,557,557,D,fuexam,Đối tượng nghiên cứu của Kinh tế chính trị Mác - Lênin là
mln122,mln,558,558,B,fuexam,Tư bản tài chính có nguồn gốc từ đầu?
mln122,mln,560,560,C,fuexam,"Nhận định ""tự do cạnh tranh đẻ ra tập trung sản xuất và sự tập trung sản xuất này, phát triển tới một mức độ nhất định, lại dẫn tới độc quyền"" là của ai?"
mln122,mln,561,561,B,fuexam,Vai trò của các bộ phận tư bản trong chu chuyển từ bản được xác định trong phạm trù
mln122,mln,563,563,B,fuexam,Hàng hoá sức lao động khác hàng hoá thông thường ở chỗ nào?
mln122,mln,564,564,C,fuexam,Tính hai mặt của lao động sản xuất hàng hoá bao gồm các mặt nào?
mln122,mln,566,566,A,fuexam,"Trong quan hệ với cường độ lao động, lượng giá trị của đơn vị hàng hoá tương quan thế nào?"
mln122,mln,567,567,A,fuexam,"Trên giác độ kinh tế chính trị, lao động trừu tượng được hiểu như thế nào?"
mln122,mln,568,568,B,fuexam,Dựa vào căn cứ nào để chia tư bản thành tư bản bất biến và tư bản khả biến?
mln122,mln,569,569,A,fuexam,Địa tô chênh lệch II được thu trên ruộng đất nào?
mln122,mln,570,570,C,fuexam,Loại tái sản xuất nào làm tăng sản phẩm chủ yếu do tăng năng suất lao động và hiệu quả sử dụng các nguồn lực?
mln122,mln,571,571,AC,fuexam,(Chọn nhiều phương án) Mục đích hình thành độc quyền nhà nước trong chủ nghĩa tư bản đó là:
mln122,mln,572,572,C,fuexam,Chủ nghĩa tư bản ra đời khi nào?
mln122,mln,573,573,A,fuexam,Chính sách thực dân trong thời đại chủ nghĩa đế quốc tư bản đã tạo ra những hình thức lệ thuộc mới có tính quá độ của các nước đó là các hình thức nào?
mln122,mln,574,574,AB,fuexam,"(Chọn nhiều đáp án) Sau những năm 50 của thế kỷ XX, chủ nghĩa tư bản chuyển sang chính sách thực dân mới đó là:"
mln122,mln,575,575,A,fuexam,Đâu là một trong những nguyên nhân dẫn đến sự sụp đổ của Liên Xô và Đông Âu?
mln122,mln,576,576,B,fuexam,Các tổ chức độc quyền sử dụng giá cả độc quyền để làm gì?
mln122,mln,577,577,B,fuexam,"Quan điểm cho rằng, xã hội loài người phát triển dựa theo những quy luật tự nhiên thuộc về trường phái nào?"
mln122,mln,578,578,AC,fuexam,(Chọn hai đáp án) Mục tiêu của kinh tế thị trường định hướng xã hội chủ nghĩa ở Việt Nam là gì?
mln122,mln,579,579,A,fuexam,Đâu là các đại diện tiêu biểu của trường phái kinh tế chính trị cổ điển Anh?
mln122,mln,580,580,AB,fuexam,(Chọn hai đáp án) Theo
mln122,mln,581,581,B,fuexam,Chính sách kinh tế được hiểu là hoạt động mang tính chất
mln122,mln,582,582,D,fuexam,Đâu không phải là chức năng của kinh tế chính trị Mác - Lênin?
mln122,mln,583,583,A,fuexam,Giá trị hàng hoá được tạo ra từ quá trình nào?
mln122,mln,584,584,C,fuexam,Khi sản xuất và trao đổi hàng hóa phát triển đòi hỏi phải có một vật ngang giá chung xuất hiện ở hình thái nào?
mln122,mln,585,585,A,fuexam,Dựa vào căn cứ nào để phân chia thị trường hàng hoá và thị trường dịch vụ?
mln122,mln,586,586,AC,fuexam,(Chọn hai đáp án) Đâu là thuộc tính của hàng hóa sức lao động?
mln122,mln,587,587,ABC,fuexam,"Theo quan điểm của kinh tế chính trị Mác - Lênin, các nhân tố nào ảnh hưởng tới tỷ suất lợi nhuận trong các nhân tố sau đây?"
mln122,mln,588,588,AB,fuexam,(Chọn các phương án đúng) Tư bản cho vay trong chủ nghĩa tư bản có những đặc điểm nào?
mln122,mln,589,589,ABC,fuexam,Giá trị thặng dư biểu hiện cụ thể thông qua các hình thái nào?
mln122,mln,590,590,C,fuexam,Hãy chỉ ra đâu không phải là nguyên nhân hình thành độc quyền?
mln122,mln,591,591,ABC,fuexam,"(Lựa chọn 3 đáp án) Trong trạng thái độc quyền, cạnh tranh trong nội bộ các tổ chức độc quyền nhằm mục đích gì?"
mln122,mln,592,592,B,fuexam,Các tài phiệt thực hiện sự thống trị thông qua cách thức nào?
mln122,mln,593,593,C,fuexam,"Một hệ giá trị toàn diện gồm cả dân giàu, nước mạnh, dân chủ, công bằng, văn minh là hệ giá trị của xã hội nào mà loài người phải phấn đấu?"
mln122,mln,594,594,D,fuexam,"Hoàn thiện thể chế đảm bảo gắn tăng trưởng kinh tế với đảm bảo tiến bộ và công bằng xã hội, Việt Nam cần thực hiện những nhiệm vụ nào?"
mln122,mln,595,595,A,fuexam,Nội dung cơ bản của Cách mạng công nghiệp lần thứ nhất là gì?
mln122,mln,596,596,ABC,fuexam,"(Chọn 3 đáp án) Cơ cấu kinh tế là tổng thể quan hệ hữu cơ, phụ thuộc và quy định lẫn nhau về quy mô và trình độ của cơ cấu nào trong các cơ cấu sau đây?"
mln122,mln,597,597,A,fuexam,Xét về bản chất lợi ích kinh tế phản ánh điều gì?
prm393,prm,58,58,B,fuexam_image,What does Curves/Animation provide?
prm393,prm,99,99,A,slides,"According to Flutter architecture overview, which three layers are described?"
prm393,prm,100,100,B,slides,What is the correct high-level rendering workflow in Flutter?
prm393,prm,101,101,C,slides,Which statement matches a key concept of Flutter UI?
prm393,prm,102,102,B,slides,Which engine technology does Flutter use for rendering (as mentioned in slides)?
prm393,prm,103,103,A,slides,"Compared with React Native in the comparison table, Flutter uses which language?"
prm393,prm,104,104,B,slides,What is a main benefit of Flutter listed in the introduction slides?
prm393,prm,105,105,C,slides,Which command verifies Flutter SDK installation after adding PATH?
prm393,prm,106,106,A,slides,What is DartPad mainly useful for according to the slides?
prm393,prm,107,107,B,slides,"When installing Android Studio for Flutter, which plugin is required?"
prm393,prm,108,108,C,slides,Dart in Flutter is described as supporting which compilation modes?
prm393,prm,109,109,B,slides,Which collection type stores ordered elements that may contain duplicates?
prm393,prm,110,110,A,slides,Which collection stores unique values only?
prm393,prm,111,111,C,slides,What does a Map primarily store in Dart?
prm393,prm,112,112,B,slides,Which keyword creates a compile-time constant in Dart?
prm393,prm,113,113,A,slides,What is null safety designed to help with?
prm393,prm,114,114,C,slides,"If a non-nullable variable is not initialized before use, what typically happens?"
prm393,prm,115,115,B,slides,Which statement about Dart classes is correct?
prm393,prm,116,116,A,slides,"What does string interpolation like ""$name"" do?"
prm393,prm,117,117,B,slides,Which type annotation is appropriate for a list of integers?
prm393,prm,118,118,C,slides,Functions in Dart are described as:
prm393,prm,119,119,B,slides,What is a common use of a factory constructor mentioned in slides?
prm393,prm,120,120,A,slides,Why is async/await important in Flutter apps?
prm393,prm,121,121,C,slides,What does a Future represent?
prm393,prm,122,122,B,slides,What does a Stream provide compared to a single Future?
prm393,prm,123,123,A,slides,How do packages and imports help structure Dart code?
prm393,prm,124,124,B,slides,What is .fromJson() typically used for?
prm393,prm,125,125,C,slides,Which practice is recommended for long-running CPU work?
prm393,prm,126,126,A,slides,What does await do when used with a Future?
prm393,prm,127,127,B,slides,Which is a valid reason to use a singleton via factory?
prm393,prm,128,128,C,slides,Generics in Dart mainly help you:
prm393,prm,129,129,B,slides,What is the role of BuildContext?
prm393,prm,130,130,A,slides,What does setState() do in a StatefulWidget?
prm393,prm,131,131,C,slides,Which widget arranges children vertically?
prm393,prm,132,132,B,slides,Which widget allows children to overlap?
prm393,prm,133,133,A,slides,What is Scaffold typically used for?
prm393,prm,134,134,B,slides,What does a Switch widget primarily toggle?
prm393,prm,135,135,C,slides,Why use const widgets when possible?
prm393,prm,136,136,A,slides,What does ThemeData primarily define?
prm393,prm,137,137,B,slides,What does the build() method return?
prm393,prm,138,138,C,slides,StatelessWidget is best when:
prm393,prm,139,139,A,slides,crossAxisAlignment in a Column controls alignment along which axis?
prm393,prm,140,140,B,slides,Which widget is best for fixed empty space of a given size?
prm393,prm,141,141,B,slides,What is a key idea of Navigator 2.0 in the slides?
prm393,prm,142,142,A,slides,What is deep linking used for?
prm393,prm,143,143,C,slides,Where do you typically configure Android deep link intent filters?
prm393,prm,144,144,B,slides,BLoC architecture primarily separates:
prm393,prm,145,145,A,slides,What is the output of a BLoC typically?
prm393,prm,146,146,B,slides,What do events do in BLoC?
prm393,prm,147,147,C,slides,Why is immutability important for BLoC states?
prm393,prm,148,148,A,slides,How can data be passed to a new screen in common Flutter practice?
prm393,prm,149,149,B,slides,Which widget rebuilds when a Stream emits new data?
prm393,prm,150,150,A,slides,Why separate UI and state logic?
prm393,prm,151,151,C,slides,What does a route guard pattern aim to protect?
prm393,prm,152,152,B,slides,Provider is commonly used for:
prm393,prm,153,153,B,slides,What is the main goal of responsive UI?
prm393,prm,154,154,A,slides,What does GridView help build according to the slides?
prm393,prm,155,155,C,slides,Which API is commonly used to read screen size/orientation?
prm393,prm,156,156,B,slides,Adaptive layout typically means:
prm393,prm,157,157,A,slides,Expanded inside a Flex (Row/Column) is used to:
prm393,prm,158,158,B,slides,Why avoid hard-coded sizes for all devices?
prm393,prm,159,159,C,slides,LayoutBuilder is useful because it:
prm393,prm,160,160,A,slides,Which widget is commonly used for scrollable single-child content?
prm393,prm,161,161,B,slides,What is the primary purpose of forms in mobile apps?
prm393,prm,162,162,A,slides,TextEditingController is used to:
prm393,prm,163,163,C,slides,How do you typically hide password characters in a TextField?
prm393,prm,164,164,B,slides,What does FormState.reset() do?
prm393,prm,165,165,A,slides,A strong password validation demo in slides requires at least:
prm393,prm,166,166,C,slides,GlobalKey<FormState> is commonly used to:
prm393,prm,167,167,B,slides,Why validate user input before submit?
prm393,prm,168,168,A,slides,Async validation checks are useful when:
prm393,prm,169,169,C,slides,Which widget groups multiple fields for joint validation?
prm393,prm,170,170,B,slides,AutovalidateMode.onUserInteraction typically means:
prm393,prm,171,171,C,slides,Which HTTP method is typically used to retrieve data?
prm393,prm,172,172,B,slides,What is the purpose of parsing JSON?
prm393,prm,173,173,A,slides,Why is FutureBuilder useful for API data?
prm393,prm,174,174,B,slides,Which HTTP header commonly carries access credentials?
prm393,prm,175,175,D,slides,Which status code indicates a server error?
prm393,prm,176,176,A,slides,What does status code 404 typically mean?
prm393,prm,177,177,B,slides,What is pagination used for?
prm393,prm,178,178,C,slides,What is a refresh token used for?
prm393,prm,179,179,A,slides,"When calling APIs, why handle loading and error states in UI?"
prm393,prm,180,180,B,slides,POST is most appropriate when:
prm393,prm,181,181,C,slides,What does Content-Type: application/json indicate?
prm393,prm,182,182,A,slides,Why map JSON fields into model classes?
prm393,prm,183,183,B,slides,When are local files preferred over simple key–value storage?
prm393,prm,184,184,A,slides,Which package is commonly used for simple key-value storage?
prm393,prm,185,185,B,slides,What is Hive mainly used for?
prm393,prm,186,186,C,slides,Which plugin provides SQLite support in Flutter?
prm393,prm,187,187,A,slides,Which widget is often used to show async local storage reads?
prm393,prm,188,188,B,slides,Why should database operations be asynchronous?
prm393,prm,189,189,C,slides,path_provider is typically used to:
prm393,prm,190,190,A,slides,Which storage suits a small flag like 'onboardingCompleted'?
prm393,prm,191,191,B,slides,What is persistence in mobile apps?
prm393,prm,192,192,C,slides,Choosing SQLite is more appropriate when:
prm393,prm,193,193,B,slides,Why is secure authentication critical in mobile apps?
prm393,prm,194,194,A,slides,"After successful login with a mock token flow, what should you typically do?"
prm393,prm,195,195,C,slides,What is a token in authentication systems?
prm393,prm,196,196,B,slides,Why centralize authentication state?
prm393,prm,197,197,A,slides,Which widget can react to auth state exposed as a Stream?
prm393,prm,198,198,B,slides,What happens after successful login from a session perspective?
prm393,prm,199,199,C,slides,Storing tokens insecurely (plain SharedPreferences without care) risks:
prm393,prm,200,200,A,slides,Logout should typically:
prm393,prm,201,201,B,slides,Push notifications in this module are related to:
prm393,prm,202,202,C,slides,Protected routes should:
prm393,prm,203,203,C,slides,Which test type checks individual functions or classes?
prm393,prm,204,204,B,slides,Which Flutter test focuses on UI components/widgets?
prm393,prm,205,205,A,slides,What does an integration test verify?
prm393,prm,206,206,B,slides,Why are tests important for refactoring?
prm393,prm,207,207,A,slides,What is test isolation?
prm393,prm,208,208,C,slides,"Which tool helps debug Flutter apps (network, performance, etc.)?"
prm393,prm,209,209,B,slides,The Taskly demo app in slides is used to:
prm393,prm,210,210,A,slides,find.byType / find.text in widget tests are used to:
prm393,prm,211,211,C,slides,Mocking dependencies in unit tests helps:
prm393,prm,212,212,B,slides,Golden tests primarily verify:
prm393,prm,213,213,A,slides,What should you avoid doing inside build()?
prm393,prm,214,214,B,slides,Why extract list item widgets (e.g. TaskTile) and use Selector?
prm393,prm,215,215,C,slides,What is the main purpose of hot reload?
prm393,prm,216,216,B,slides,Which command builds a release APK?
prm393,prm,217,217,A,slides,Why use ValueKey(task.id) instead of UniqueKey() for list items?
prm393,prm,218,218,B,slides,GlobalKey warning in slides: GlobalKey is:
prm393,prm,219,219,C,slides,Which practice improves deployment security?
prm393,prm,220,220,A,slides,const widgets help performance because they:
prm393,prm,221,221,B,slides,What is technical debt?
prm393,prm,222,222,A,slides,Why is clean architecture beneficial?
prm393,prm,223,223,C,slides,App size analysis before deployment helps you:
prm393,prm,224,224,B,slides,Why decide architecture early?
jfe301,fe,1,1,B,fuexam,"A check digit for a 4-digit number abcd can be calculated as follows: mod((a*4+b*3+c*2+d*1), 10). When the check digit for the 4-digit number “7b42” is equal to 6, which of the following is the correct number to be put in b? Here, mod (x, y) returns the remainder after “x” is divided by “y”"
jfe301,fe,2,2,A,fuexam,Which of the following is an appropriate explanation of the spooling function?
jfe301,fe,3,3,D,fuexam,"Which of the following is a service delivery process that is defined, agreed, recorded, and managed in IT service management?"
jfe301,fe,4,4,C,fuexam,Which of the following is an appropriate description concerning the maturity level in the staged representation of CMMI?
jfe301,fe,5,5,C,fuexam,"Which of the following is equivalent to the result of the arithmetic expression “753₈ – A6₁₆”? Here, each number is written in radix notation; that is, the radix is represented by a subscript following the number."
jfe301,fe,6,6,C,fuexam,Which of following statement is INCORRECT of cloud computing?
jfe301,fe,7,7,D,fuexam,Which of the following statements is TRUE about the critical path in PERT?
jfe301,fe,8,8,D,fuexam,Which of the following is the most appropriate indicator that is directly helpful in managing software quality in a system development project?
jfe301,fe,9,9,A,fuexam,"The following statement is true/ false about CRM? Customer Relationship Management (CRM) is a cross-functional enterprise system driven by an integrated suite of software modules that supports the basic internal business processes of a company. CRM gives a company an integrated real-time view of its core business processes such as production, order processing, and inventory management, tied together by CRM applications software and a common database maintained by a database management system. CRM systems track business resources (such as cash, raw materials, and production capacity) and the status of commitments made by the business (such as customer orders, purchase orders, and employee payroll), no matter which department (manufacturing, purchasing, sales, accounting, and so on) has entered the data into the system. CRM facilitates information flow between all business functions inside the organization, and manages connections to outside stakeholders."
jfe301,fe,10,10,C,fuexam,Given the following inventory data: Item Annual Value ($) P 4000 Q 2500 R 1500 S 800 T 200 Which statement is correct according to ABC analysis?
jfe301,fe,11,11,A,fuexam,"Which of the following is a role of the program register (i.e., program counter) of the CPU?"
jfe301,fe,12,12,A,fuexam,"What is the function point value of a program that has the functions and characteristics shown in the table below? Here, the correction coefficient of complexity is 0.75."
jfe301,fe,13,13,A,fuexam,Which of the following is an appropriate technique that is used for implementing a queue as a data structure?
jfe301,fe,14,14,B,fuexam,"There is a digital video recording system installed with four security cameras. In this system, the video data from each camera is captured at 30 frames per second with a resolution of 640 × 480 pixels and a color depth of 16 bits per pixel, and then it is stored in the hard disk drive. Which of the following is the approximate storage capacity that is required for recording all video data for one minute? Here, 1 MB is 10^6 bytes, and 1 GB is 10^9 bytes."
jfe301,fe,15,15,A,fuexam,Which of the following is an appropriate combination of the fundamental object-oriented programming concepts?
jfe301,fe,16,16,B,fuexam,"A systems design is represented using several diagrams. When a system analyst wants to confirm the design information such as the relationships among functions and the interface among modules in a hierarchical manner, which of the following is the most appropriate diagram that should be inspected by the analyst?"
jfe301,fe,17,17,D,fuexam,Which of the following is a protocol for e-mail on the Internet that allows an e-mail client to access e-mail on a remote mail server?
jfe301,fe,18,18,A,fuexam,Determine which type of network class and default subnet mask of this IP address belong to? IP version 4 = 216.58.221.78
jfe301,fe,19,19,A,fuexam,"In a certain project, each of the 6 employee members needs to communicate on a one-to-one basis. What is the minimum number of paths needed to communicate in such a way?"
jfe301,fe,20,20,B,fuexam,"The syntax rules of the field identifier ""field ID"" are represented in BNF notation as shown below. When each ID is defined as an arbitrary sequence of letters and/or digits, which of the following should be inserted into the blank A? <field ID>::= <ID> | <field ID>.<ID> <ID>::= A <letter>::= a|b|c|d|e|f|g|h|i|j|k|l|m|n|o|p|q|r|s|t|u|v|w|x|y|z <digit>::= 0|1|2|3|4|5|6|7|8|9 a) <ID>.<letter>|<ID>.<digit> b) <ID><letter>|<ID><digit>|<ID>.<ID> c) <letter>|<digit>|<ID><letter>|<ID><digit> d) <letter><ID>|<digit><ID>"
jfe301,fe,21,21,D,fuexam,A GUI screen contains a candidate list from which a user can select an item. Which of the following is an appropriate case to adopt this data entry method?
jfe301,fe,22,22,B,fuexam,"When the binary tree shown in the figure below is stored in a one-dimensional array A under the following conditions, what is the array index of the node ""T""?"
jfe301,fe,23,23,A,fuexam,Which of the following is the appropriate combination of 4 color inks or toners for a full-color printer?
jfe301,fe,24,24,A,fuexam,Which of the following is a chart or a diagram that is often used in quality control to rank issues or problems in descending order of frequency?
jfe301,fe,25,25,B,fuexam,Which of the following is the appropriate flow of execution of SQL statements?
jfe301,fe,26,26,D,fuexam,"When the expression (A - 2 x (B + C) - D x E) x F in conventional infix notation is converted to the prefix expression, which of the following represents the resulting expression?"
jfe301,fe,27,27,B,fuexam,"Multiple directories having the names A and B are managed in the structure shown below. When the current directory is changed in order of \BA ->..\B -> \A, which of the following is the resulting current directory? Here, directories are specified as follows: [Methods to specify directories] (1) A directory is referenced as \directory name\directory name, where the directories on the path are listed and separated with \ (backslash) in sequence, followed by \ and the directory name. (2) The current directory is represented by. (one period). (3) The directory one level above is represented by.. (two periods). (4) When a reference begins with \, it is assumed that the root directory is omitted from the beginning of the reference. (5) When a reference does not start with \,.., or., it is assumed that \, which means that the reference is under the current directory, is omitted from the beginning of the reference."
jfe301,fe,28,28,D,fuexam,Which of the following is an appropriate description in comparison of how to safeguard IC cards and magnetic cards against forgery?
jfe301,fe,29,29,D,fuexam,Which of the following is an appropriate description concerning a use case diagram in UML?
jfe301,fe,30,30,B,fuexam,"A part of a program was changed to add a new function to a system in operation. Which of the following is the most appropriate environment that is used for testing the new program without affecting the system in operation, in order to determine whether or not the system can be brought into full operation?"
jfe301,fe,31,31,B,fuexam,Which of the following is an explanation of the use case diagram shown below?
jfe301,fe,32,32,D,fuexam,"Which of the following refers to online scams where thieves attempt to entice e-mail recipients into clicking on a link that takes them to a bogus website, and the website may prompt the recipient to provide personal information such as social security number, bank account number, and credit card number, and/or it may download malicious software onto the recipient's computer?"
jfe301,fe,33,33,A,fuexam,Which of the following is the appropriate item to be checked when the ordered software is delivered?
jfe301,fe,34,34,D,fuexam,Which of the following helps improve availability?
jfe301,fe,35,35,C,fuexam,Which of the following is the main purpose of a penetration test?
jfe301,fe,36,36,D,fuexam,"View the picture and choose right answer. As shown in the figure below, all the lines show signs of leveling off in the control chart of a program test. Which of the following can be inferred from this condition?"
jfe301,fe,37,37,B,fuexam,"Which of the following means product improvement, and product disposal are planned according to each stage of introduction, growth, maturity, and decline?"
jfe301,fe,38,38,A,fuexam,"What is the data remaining on the stack after doing the following operations, assume that from start, stack is empty? push 5 => push 10 => push 5 => pop => push 10 => push 10 => push 5 => pop => pop. Assume that stack is empty at first and sequence format 5, 8, 10 mean that 5 is at bottom of stack and 10 is at top of stack."
jfe301,fe,39,39,A,fuexam,"When ABC analysis is used to categorize product items in the table below, which of the following is the combination of the product numbers for the items that are categorized into the group ""A""?"
jfe301,fe,40,40,C,fuexam,Which of the following is the main task of a service desk?
jfe301,fe,41,41,C,fuexam,"There is a standard that can represent data in a hierarchical structure by enclosing data that corresponds to nesting with tags <N>, which means the start, and </N>, which means the end, and then linking the nesting these tags. Company A decides to comply with this standard and create a paper by using the structural rules: Structural rules A paper is composed of a header and a body text. The header is composed of a title and author information. Author information is composed of a name and a department. Which of the following is the appropriate header of a paper named “New Document Management” that is created by Jack Smith of the Information Systems Department (I/S Department) in accordance with this standard and these structural rules?"
jfe301,fe,42,42,C,fuexam,"In the RAID3 system shown below, three disks (Disks 0 through 2) for byte-striped data and one dedicated parity disk (Disk 3) are used as one volume. Parity byte Ap is generated by calculating the ""exclusive OR"" (⊕) of three bytes in Disks 0 through 2. For example, Ap(1-3) = A1 ⊕ A2 ⊕ A3. In the event of a disk failure, data recovery can be accomplished by using the information recorded on the remaining three error-free disks. Which of the following operations should be executed for this data recovery?"
jfe301,fe,43,43,A,fuexam,Which of the following is the most appropriate description concerning the exclusive control of a DBMS?
jfe301,fe,44,44,C,fuexam,Which of the following is a protocol for e-mail on the Internet that supports not only text but other data such as audio and images through message header extension?
jfe301,fe,45,45,B,fuexam,"There is an 8-bit register where integers are represented in binary by using 2's complement for negative numbers. When the decimal integer ""-24"" is stored in the register and then arithmetically shifted 2 bits right, what is the resulting value in decimal? Here, the leftmost bit of the register is used as a sign bit."
jfe301,fe,46,46,D,fuexam,Which of the following is an activity performed during the external design phase of system development?
jfe301,fe,47,47,C,fuexam,"According to a survey of 100 students, there are 40 students studying English, 30 studying French, and 25 studying Spanish. In addition, 8 students are studying English and French, 6 are studying English and Spanish, 5 are studying French and Spanish, and 22 are not studying any of the three languages. Which of the following is the number of students studying all three languages?"
jfe301,fe,48,48,C,fuexam,"When CPU processing and printing are performed for four jobs under the conditions below, how many minutes does it take to complete them from the start of the first CPU processing until the end of the last printing? [Conditions] (1) The multiplicity of jobs is 1 during execution. (2) The CPU processing time of each job is 20 minutes. (3) 400 Mbytes of printing data are spooled for each job when the CPU processing ends. The printing function of the OS operates after spooling is completed, and printing is performed by the printer. (4) One printer is available, and the printing speed is 10 minutes per 100 Mbytes. (5) The functions of CPU processing and printing can operate in parallel, and do not affect each other. (6) The time period that is not mentioned in the conditions, such as the time required for spooling, can be ignored."
jfe301,fe,49,49,B,fuexam,"It focuses on system implementation behavior and is preferred over verification for the following reasons: - It facilitates the consideration of environmental factors that influence system behavior. - It allows feature interaction. A key its feature is error detection, which ensures correct functional implementation. What is kind of testing?"
jfe301,fe,50,50,B,fuexam,Which of the following is INCORRECT formular to determine break-event point?
jfe301,fe,51,51,B,fuexam,Which of the following is an explanation of SFA (Sales Force Automation)?
jfe301,fe,52,52,A,fuexam,What is HDLC protocol stands for?
jfe301,fe,53,53,B,fuexam,Which of the following can be achieved by using SSL/TLS?
jfe301,fe,54,54,D,fuexam,"There exist the same two devices, each with an MTBF of 45 hours and an MTTR of 5 hours. What is the availability of a system that connects these TWO devices in series?"
jfe301,fe,55,55,B,books,Which of the following is a role of the program counter (program register) of the CPU?
jfe301,fe,56,56,A,books,Which memory type is typically the fastest for the CPU to access?
jfe301,fe,57,57,C,books,"In RAID with parity, which operation is commonly used to reconstruct lost data?"
jfe301,fe,58,58,B,books,What does MTBF stand for in reliability discussions?
jfe301,fe,59,59,A,books,Availability of a single device is commonly approximated by which formula?
jfe301,fe,60,60,C,books,Two identical devices each have availability 0.9. What is the availability if connected in series?
jfe301,fe,61,61,B,books,Which combination of inks is typical for full-color printing (CMYK)?
jfe301,fe,62,62,A,books,An arithmetic right shift of a negative number in 2's complement representation:
jfe301,fe,63,63,B,books,Which statement about IC cards vs magnetic cards is appropriate?
jfe301,fe,64,64,C,books,Spooling primarily improves system efficiency by:
jfe301,fe,65,65,B,books,Which of the following best describes multiprogramming?
jfe301,fe,66,66,A,books,"A system with two devices in parallel fails only if both fail. Compared with series connection, parallel generally:"
jfe301,fe,67,67,C,books,Which is an appropriate purpose of a system performance indicator such as throughput?
jfe301,fe,68,68,B,books,Client/server architecture typically separates:
jfe301,fe,69,69,A,books,Which is a primary role of an operating system?
jfe301,fe,70,70,B,books,Middleware is best described as:
jfe301,fe,71,71,C,books,Open source software generally means:
jfe301,fe,72,72,A,books,A compiler typically:
jfe301,fe,73,73,B,books,Which of the following is the appropriate flow of SQL statement processing?
jfe301,fe,74,74,A,books,Why is exclusive control (locking) needed in a DBMS?
jfe301,fe,75,75,C,books,Normalization in relational databases mainly aims to:
jfe301,fe,76,76,B,books,A primary key must:
jfe301,fe,77,77,A,books,ACID properties of transactions include:
jfe301,fe,78,78,A,books,IPv4 address 216.58.221.78 belongs to which class (classful model) and default mask?
jfe301,fe,79,79,C,books,Which protocol allows a mail client to access messages on a server while typically leaving mail on the server?
jfe301,fe,80,80,B,books,SMTP is primarily used to:
jfe301,fe,81,81,A,books,TCP is best characterized as:
jfe301,fe,82,82,D,books,DNS is used to:
jfe301,fe,83,83,B,books,HDLC stands for:
jfe301,fe,84,84,C,books,Which OSI layer is primarily associated with end-to-end reliable transport (TCP)?
jfe301,fe,85,85,D,books,Online scams that lure users to fake sites to steal credentials are called:
jfe301,fe,86,86,B,books,What can SSL/TLS primarily achieve?
jfe301,fe,87,87,C,books,The main purpose of a penetration test is to:
jfe301,fe,88,88,A,books,Public-key cryptography typically uses:
jfe301,fe,89,89,B,books,A firewall is mainly used to:
jfe301,fe,90,90,C,books,Which is an appropriate security practice for passwords?
jfe301,fe,91,91,A,books,Which technique implements a queue?
jfe301,fe,92,92,B,books,A stack uses which discipline?
jfe301,fe,93,93,C,books,"After push 5, push 10, push 5, pop, push 10, push 10, push 5, pop, pop (empty start), remaining bottom→top is:"
jfe301,fe,94,94,A,books,Binary trees can be stored in an array where children of index i are typically at:
jfe301,fe,95,95,B,books,Prefix (Polish) notation places operators:
jfe301,fe,96,96,C,books,Which is a fundamental set of OOP concepts?
jfe301,fe,97,97,A,books,Big-O notation is used to:
jfe301,fe,98,98,B,books,Intellectual property rights generally protect:
jfe301,fe,99,99,A,books,A license agreement for software typically:
jfe301,fe,100,100,C,books,Personal data protection laws mainly aim to:
jfe301,fe,101,101,B,books,Compliance in corporate IT means:
jfe301,fe,102,102,A,books,A SWOT analysis examines:
jfe301,fe,103,103,B,books,ABC analysis for inventory prioritizes items by:
jfe301,fe,104,104,C,books,Break-even point analysis is used to find:
jfe301,fe,105,105,A,books,Which formula form is related to break-even (contribution approach)?
jfe301,fe,107,107,C,books,SFA (Sales Force Automation) is best described as:
jfe301,fe,108,108,A,books,CRM systems focus on:
jfe301,fe,109,109,B,books,An information systems strategy should primarily align with:
jfe301,fe,110,110,A,books,Outsourcing IT services means:
jfe301,fe,111,111,C,books,A common risk of outsourcing is:
jfe301,fe,112,112,B,books,Cloud computing is characterized by:
jfe301,fe,113,113,D,books,Which activity belongs to external design?
jfe301,fe,114,114,B,books,A use case diagram in UML is used to:
jfe301,fe,115,115,A,books,DFD (Data Flow Diagram) is useful to show:
jfe301,fe,116,116,C,books,Function point analysis estimates software size based mainly on:
jfe301,fe,117,117,B,books,Unit testing focuses on:
jfe301,fe,118,118,A,books,System testing focuses on:
jfe301,fe,119,119,C,books,An appropriate environment to test a changed program without affecting live operations is:
jfe301,fe,120,120,B,books,"When software is delivered from a vendor, a key check is:"
jfe301,fe,122,122,C,books,Agile development emphasizes:
jfe301,fe,123,123,D,books,On the critical path in PERT/CPM:
jfe301,fe,124,124,A,books,Number of one-to-one communication paths among n people is:
jfe301,fe,125,125,B,books,"For 6 people needing one-to-one communication, minimum paths are:"
jfe301,fe,126,126,C,books,WBS (Work Breakdown Structure) is used to:
jfe301,fe,127,127,A,books,Project risk management includes:
jfe301,fe,128,128,B,books,A Gantt chart mainly shows:
jfe301,fe,129,129,C,books,An appropriate quality-related indicator in development is:
jfe301,fe,130,130,D,books,Service level management is about:
jfe301,fe,132,132,A,books,ITIL-style incident management aims to:
jfe301,fe,133,133,B,books,A problem in ITSM typically means:
jfe301,fe,134,134,C,books,Change management is intended to:
jfe301,fe,136,136,B,books,The purpose of a system audit includes:
jfe301,fe,137,137,A,books,Internal control aims to:
jfe301,fe,138,138,C,books,Segregation of duties helps to:
jfe301,fe,139,139,B,books,An audit trail is useful because it:
jfe301,fe,140,140,A,books,CMMI maturity levels describe:
jfe301,fe,141,141,B,books,"A check digit for abcd is mod((a*4+b*3+c*2+d*1),10)=6 for 7b42. What is b?"
jfe301,fe,142,142,C,books,What is 753₈ − A6₁₆ in decimal?
jfe301,fe,143,143,B,books,"Four cameras 30 fps, 640×480, 16-bit color, 60 seconds. Approx storage? (1MB=10⁶ B)"
jfe301,fe,144,144,C,books,100 students: E40 F30 S25; EF8 ES6 FS5; none 22. How many study all three?
jfe301,fe,145,145,B,books,Pareto charts in quality control are used to:
jfe301,fe,146,146,A,books,A control chart is typically used to:
jfe301,fe,147,147,C,books,MIME is used in email to:
jfe301,fe,148,148,B,books,POP3 typically:
jfe301,fe,149,149,A,books,ER diagrams model:
jfe301,fe,151,151,A,books,Virtual memory allows:
jfe301,fe,152,152,C,books,A deadlock occurs when:
jfe301,fe,154,154,A,books,A foreign key references:
jfe301,fe,155,155,C,books,HTTPS is essentially:
jfe301,fe,156,156,A,books,An SLA typically defines:
jfe301,fe,157,157,B,books,Cache memory is used to:
jfe301,fe,158,158,C,books,Earned value management (EVM) is used to:
jfe301,fe,159,159,A,books,A digital signature provides:
jfe301,fe,160,160,B,books,Regression testing is performed to:
jfe301,fe,161,161,B,books,DMA (Direct Memory Access) allows:
jfe301,fe,162,162,A,books,An interrupt is used to:
jfe301,fe,163,163,C,books,Instruction pipelining aims to:
jfe301,fe,164,164,B,books,Which storage is typically non-volatile?
jfe301,fe,165,165,A,books,SRAM is commonly used for cache because:
jfe301,fe,166,166,C,books,DRAM stores bits mainly using:
jfe301,fe,167,167,B,books,A bus in computer architecture is:
jfe301,fe,168,168,A,books,Hot swappable components allow:
jfe301,fe,169,169,C,books,ECC memory is used to:
jfe301,fe,170,170,B,books,Which RAID level is classically described as striping without parity (no redundancy)?
jfe301,fe,171,171,A,books,RAID 1 primarily provides:
jfe301,fe,172,172,C,books,Which is an input device?
jfe301,fe,173,173,B,books,A UPS is used to:
jfe301,fe,174,174,A,books,A process is best described as:
jfe301,fe,175,175,B,books,A thread is:
jfe301,fe,176,176,C,books,A context switch means:
jfe301,fe,177,177,A,books,A semaphore is used for:
jfe301,fe,178,178,B,books,Paging in virtual memory maps:
jfe301,fe,180,180,A,books,Real-time systems are characterized by:
jfe301,fe,181,181,B,books,Batch processing is suitable when:
jfe301,fe,182,182,C,books,A file system provides:
jfe301,fe,183,183,A,books,Absolute pathnames start from:
jfe301,fe,184,184,B,books,Firmware is typically:
jfe301,fe,186,186,C,books,API stands for:
jfe301,fe,187,187,B,books,Middleware examples include:
jfe301,fe,188,188,A,books,Licensed commercial software typically:
jfe301,fe,189,189,C,books,Virtualization primarily allows:
jfe301,fe,190,190,B,books,A candidate key is:
jfe301,fe,191,191,A,books,1NF requires roughly that:
jfe301,fe,192,192,C,books,A view in SQL is:
jfe301,fe,193,193,B,books,An index is used mainly to:
jfe301,fe,194,194,A,books,A JOIN operation:
jfe301,fe,195,195,C,books,COMMIT in a transaction:
jfe301,fe,196,196,B,books,ROLLBACK is used to:
jfe301,fe,197,197,A,books,Deadlock in databases can occur when:
jfe301,fe,198,198,C,books,A data warehouse is typically used for:
jfe301,fe,199,199,B,books,ETL stands for:
jfe301,fe,200,200,A,books,"In the OSI model, the physical layer deals with:"
jfe301,fe,201,201,C,books,The data link layer commonly uses:
jfe301,fe,202,202,B,books,A router primarily operates to:
jfe301,fe,203,203,A,books,A switch in a LAN typically forwards based on:
jfe301,fe,204,204,C,books,UDP is characterized as:
jfe301,fe,205,205,B,books,NAT is used to:
jfe301,fe,206,206,A,books,DHCP is used to:
jfe301,fe,208,208,B,books,HTTP status 200 means:
jfe301,fe,209,209,A,books,A proxy server can be used to:
jfe301,fe,210,210,C,books,IPv6 addresses are:
jfe301,fe,211,211,B,books,Which protocol is connectionless at the network layer for best-effort packet delivery on the Internet?
jfe301,fe,212,212,A,books,Confidentiality means:
jfe301,fe,213,213,B,books,Integrity means:
jfe301,fe,214,214,C,books,Availability means:
jfe301,fe,215,215,A,books,A hash function is typically used to:
jfe301,fe,216,216,B,books,PKI relies on:
jfe301,fe,217,217,C,books,Malware includes:
jfe301,fe,218,218,A,books,SQL injection attacks target:
jfe301,fe,219,219,B,books,An IDS is used to:
jfe301,fe,220,220,C,books,Social engineering attacks primarily exploit:
jfe301,fe,221,221,A,books,Two-factor authentication typically requires:
jfe301,fe,222,222,B,books,A vulnerability is:
jfe301,fe,223,223,C,books,Risk is often considered as related to:
jfe301,fe,224,224,A,books,A linked list is characterized by:
jfe301,fe,225,225,B,books,A hash table provides average-case:
jfe301,fe,226,226,C,books,Binary search requires:
jfe301,fe,227,227,A,books,BFS on a graph uses typically:
jfe301,fe,228,228,B,books,DFS typically uses:
jfe301,fe,229,229,C,books,Time complexity O(n²) means:
jfe301,fe,230,230,A,books,A full binary tree of height h (root height 0) has at most how many nodes at the last level?
jfe301,fe,231,231,B,books,Recursion requires:
jfe301,fe,232,232,C,books,Sorting algorithm stability means:
jfe301,fe,233,233,A,books,"A graph G=(V,E) consists of:"
jfe301,fe,234,234,A,books,Copyright primarily protects:
jfe301,fe,235,235,B,books,A patent typically protects:
jfe301,fe,236,236,C,books,A trademark protects:
jfe301,fe,237,237,A,books,Unauthorized copying of licensed software is:
jfe301,fe,238,238,B,books,An NDA is used to:
jfe301,fe,239,239,C,books,Privacy by design means:
jfe301,fe,241,241,B,books,KPI stands for:
jfe301,fe,242,242,A,books,ROI measures roughly:
jfe301,fe,243,243,C,books,TCO means:
jfe301,fe,244,244,B,books,BSC (Balanced Scorecard) typically includes perspectives such as:
jfe301,fe,245,245,A,books,SCM (Supply Chain Management) focuses on:
jfe301,fe,246,246,C,books,PDCA cycle stands for:
jfe301,fe,247,247,B,books,Six Sigma is associated with:
jfe301,fe,248,248,A,books,QFD (Quality Function Deployment) is used to:
jfe301,fe,249,249,C,books,A mission statement typically describes:
jfe301,fe,250,250,B,books,Competitive advantage can come from:
jfe301,fe,251,251,A,books,SOA emphasizes:
jfe301,fe,253,253,C,books,IaaS provides primarily:
jfe301,fe,254,254,A,books,PaaS provides:
jfe301,fe,255,255,B,books,BCP/DR planning aims to:
jfe301,fe,256,256,C,books,An RPO (Recovery Point Objective) relates to:
jfe301,fe,257,257,A,books,An RTO (Recovery Time Objective) relates to:
jfe301,fe,259,259,A,books,Requirements definition aims to:
jfe301,fe,260,260,B,books,Internal design focuses more on:
jfe301,fe,261,261,C,books,A prototype is used to:
jfe301,fe,263,263,B,books,Integration testing verifies:
jfe301,fe,264,264,C,books,Acceptance testing is typically done to:
jfe301,fe,265,265,A,books,Version control systems help to:
jfe301,fe,266,266,B,books,A code review aims to:
jfe301,fe,267,267,C,books,CI (Continuous Integration) practices typically:
jfe301,fe,268,268,A,books,Technical debt refers to:
jfe301,fe,269,269,B,books,Coupling between modules should generally be:
jfe301,fe,270,270,C,books,Cohesion within a module should generally be:
jfe301,fe,271,271,A,books,A sequence diagram shows:
jfe301,fe,272,272,B,books,"Maintenance types include corrective, adaptive, perfective — corrective means:"
jfe301,fe,273,273,A,books,Project triple constraints classically include:
jfe301,fe,274,274,B,books,A milestone is:
jfe301,fe,275,275,C,books,Slack (float) of an activity is:
jfe301,fe,276,276,A,books,"Risk response strategies include avoid, mitigate, transfer, accept — transfer means:"
jfe301,fe,277,277,B,books,A RACI matrix clarifies:
jfe301,fe,279,279,A,books,Scope creep refers to:
jfe301,fe,280,280,B,books,A kickoff meeting is typically used to:
jfe301,fe,281,281,C,books,Lessons learned are captured to:
jfe301,fe,283,283,B,books,Known error typically means:
jfe301,fe,284,284,C,books,A CAB in change management is often:
jfe301,fe,285,285,A,books,A standard change is typically:
jfe301,fe,286,286,B,books,Capacity management aims to:
jfe301,fe,287,287,C,books,Availability management focuses on:
jfe301,fe,288,288,A,books,A CMDB stores:
jfe301,fe,289,289,B,books,Service catalog provides:
jfe301,fe,290,290,C,books,OLAs (Operational Level Agreements) are typically:
jfe301,fe,291,291,A,books,An external audit is typically performed by:
jfe301,fe,292,292,B,books,Evidence in audits should be:
jfe301,fe,293,293,C,books,Preventive controls aim to:
jfe301,fe,294,294,A,books,Detective controls aim to:
jfe301,fe,295,295,B,books,Corrective controls aim to:
jfe301,fe,296,296,C,books,CMMI Level 1 (Initial) is characterized by:
jfe301,fe,297,297,A,books,Segregation of duties example:
jfe301,fe,298,298,B,books,Access control lists (ACLs) are used to:
jfe301,fe,299,299,A,books,Which OSI layer includes IP addressing and routing?
jfe301,fe,300,300,C,books,Which is most appropriate to ensure message confidentiality on a public network?
jfe301,fe,301,301,B,books,Which structure is best for LIFO temporary storage of return addresses conceptually?
jfe301,fe,302,302,A,books,Which chart ranks causes by frequency for quality improvement?
jfe301,fe,303,303,B,books,Which estimate method counts EI/EO/EQ/ILF/EIF style functions?
jfe301,fe,304,304,C,books,Which process ensures IT services meet agreed targets continuously?
jfe301,fe,305,305,A,books,Which device filters packets based on rules between networks?
jfe301,fe,306,306,B,books,Which database property ensures either all operations of a transaction complete or none do?
jfe301,fe,307,307,A,books,Which document decomposes project deliverables into work packages?
jfe301,fe,308,308,C,books,Which testing type checks the system against user acceptance criteria before go-live?
jfe301,fe,309,309,A,books,Which protocol suite layer model has 7 layers?
jfe301,fe,310,310,B,books,Which memory management technique uses pages of fixed size?
jfe301,fe,311,311,A,books,Which analysis classifies inventory into A/B/C by importance/value?
jfe301,fe,312,312,B,books,Which path has zero total float in a network schedule?
jfe301,fe,313,313,C,books,Which email-related standard extends messages beyond plain text?
jfe301,fe,314,314,A,books,Which attack tricks users into revealing secrets via fake websites/emails?
jfe301,fe,315,315,C,books,Which system supports sales process automation?
jfe301,fe,316,316,A,books,Which system focuses on customer interactions and relationships?
jfe301,fe,317,317,B,books,Which metric is Mean Time To Repair?
jfe301,fe,318,318,A,books,Which encryption approach uses the same key for encryption and decryption?
jfe301,fe,332,332,D,albazzz,Which statement correctly describes the advantage of an interpreter compared with a compiler?
jfe301,fe,453,453,A,albazzz,Thrashing?
jfe301,fe,561,561,B,albazzz,Product life cycle stages?
jfe301,fe,564,564,C,albazzz,SLA is?
jfe301,fe,565,565,B,albazzz,Incident vs Problem?
jfe301,fe,566,566,D,albazzz,Service desk is?
jfe301,fe,568,568,D,albazzz,Waterfall model?
jfe301,fe,571,571,A,albazzz,Black-box testing?
jfe301,fe,572,572,A,albazzz,White-box testing?
jfe301,fe,586,586,C,albazzz,SaaS means?
jfe301,fe,590,590,C,albazzz,Benchmarking?
jfe301,fe,609,609,B,albazzz,Stakeholder is?
jfe301,fe,613,613,A,albazzz,Crashing a schedule?
jfe301,fe,616,616,D,albazzz,CMDB?
jfe301,fe,683,683,D,albazzz,ARP resolves?
jit401,jit,6,6,A,fuexam,データベースの表現法には「データを親、子、孫のような階層構造に並べ、最上位の親からたどることによって検索する表現法です。」とかいてあるものはどんな表現ですか。
jit401,jit,13,13,A,fuexam,【専門用語】次のベトナム語の用語をベトナム語に直しなさい。 分散処理システム
jit401,jit,41,41,A,fuexam,ロングテールの考え方を活用したインターネットにおけるビジネスの説明として、適切なものはどれか
jit401,jit,42,42,A,fuexam,日本語でのコードについて正しくないものをえらんでください。
jit401,jit,43,43,A,fuexam,コンピューターが逢(あ)える事故は何ですか。
jit401,jit,44,44,A,fuexam,高級言語について正しいものをえらんでください。
jit401,jit,45,45,A,fuexam,OSの機能は何ですか。
jit401,jit,46,46,A,fuexam,インターネットについて正しいものはどれですか。
jit401,jit,47,47,A,fuexam,「取引プロセスとは、( ) 以外にも商品案内や配送などの処理、さらには商品開発まで含めます。」
jit401,jit,48,48,A,fuexam,メール利用の注意について正しくないものはどれですか。
jit401,jit,49,49,A,fuexam,映画では1秒に何回の書き換えを行っていますか。
jit401,jit,50,50,A,fuexam,「射影の結果を並べ替えるには ( ) という単語を使います。」
jit401,jit,51,51,A,fuexam,共通方式について正しいものをえらんでください。
jit401,jit,52,52,A,fuexam,「小さいものから順に または逆に大きいものから順にデータを並べ替えること」は何を指しますか。
jit401,jit,53,53,A,fuexam,クッキー(cookie)に関する記述a~cのうち、適切なものだけをすべて挙げたものはどれか。
jit401,jit,54,54,A,fuexam,【専門用語】次のベトナム語の用語を日本語に直しなさい。 Thiết bị tính toán
jit401,jit,55,55,A,fuexam,フォルダとは何ですか
jit401,jit,56,56,A,fuexam,「電子機器には、コンピュータ、携帯電話、( ) を始めとして、ポータブルオーディオやゲーム機などの家電製品など多くのものがあり、ネットワークは成長し続けています。」
jit401,jit,57,57,A,fuexam,網的表現について正しいものを選びなさい。
jit401,jit,58,58,A,fuexam,出力用ハードウェアは何ですか。
jit401,jit,59,59,A,fuexam,新たなプログラムを作成するときに、効率的な内部処理とともに考慮しなければならない重要な要素は何ですか。
jit401,jit,60,60,A,fuexam,動画像情報圧縮では、何がよく用いられますか。
jit401,jit,295,295,B,slides,スカベンジングといって、残された個人情報を（ ）する犯罪もあります。
jit401,jit,297,297,A,slides,【専門知識】「.com」のように種別だけで国名がないのはどの国のドメイン名ですか。
jit401,jit,298,298,A,slides,【専門知識】HTMLとは;Hyper Text Markup Languageの略で、文字の（ ）、音、ファイルへのリンクなどが記述できます。
jit401,jit,299,299,A,slides,Web2.0とは何ですか。
jit401,jit,300,300,C,slides,【専門知識】「マウスやキーボードの操作の仕方、ウィンドウの見え方、ファイルの扱い方などを決定します」はOS機能の何の内容を指しますか。
jit401,jit,301,301,A,slides,【専門知識】CPUの動作原理は何に基づいていますか。
jit401,jit,303,303,C,slides,【専門知識】光ファイバを使って家庭まで高速通信を行うことは何でしょう。
jit401,jit,304,304,D,slides,【専門知識】音声の波をそのまま電波の波に置き換えて送受信するアナログ通信を特徴としているのは第何世代の携帯電話ですか。
jit401,jit,305,305,C,slides,【専門知識】EOSについて正しいものはどれですか。
jit401,jit,306,306,C,slides,【専門知識】Web2.0の大きな特徴は何ですか。
jit401,jit,307,307,D,slides,ユーザからの入力は何から行えますか。
jit401,jit,308,308,A,slides,【専門知識】「ヒューマンインタフェースの設計は；（ ）検討時では十分に行えないことが多く；試作プログラムを作ってみて問題点を修正していくというやり方になります。」
jit401,jit,309,309,B,slides,【専門知識】電気機械式はいつ誕生されましたか。
jit401,jit,310,310,A,slides,【専門知識】暗号化について正しいものを選びなさい。
jit401,jit,311,311,C,slides,【専門知識】CPUについて正しいものを選びなさい。
jit401,jit,312,312,B,slides,着信メロディについて正しくないものを選びなさい。
jit401,jit,321,321,B,slides,【専門用語】ジョン・モークリー（John Mauchly） の意味として最も適切なものはどれか。
jit401,jit,322,322,C,slides,【専門用語】パス（path） の意味として最も適切なものはどれか。
jit401,jit,323,323,C,slides,【専門用語】ライプニッツの乗算機（Leibniz のじょうさんき） の意味として最も適切なものはどれか。
jit401,jit,324,324,A,slides,【専門用語】フォン・ノイマン（John von Neumann） の意味として最も適切なものはどれか。
jit401,jit,325,325,C,slides,【専門用語】ファイル（file） の意味として最も適切なものはどれか。
jit401,jit,326,326,B,slides,【専門用語】汎用計算機（はんようけいさんき） の意味として最も適切なものはどれか。
jit401,jit,327,327,C,slides,【専門用語】アプリケーション（a pplication） の意味として最も適切なものはどれか。
jit401,jit,328,328,B,slides,【専門用語】子供のフォルダ（こどもの folder） の意味として最も適切なものはどれか。
jit401,jit,329,329,D,slides,【専門用語】次のベトナム語の用語を日本語に直しなさい。 máy tính đa dụng cỡ lớn
jit401,jit,330,330,A,slides,【専門用語】次のベトナム語の用語を日本語に直しなさい。 kích
jit401,jit,331,331,D,slides,（コンピュータの基礎）導入 について正しい説明はどれか。
jit401,jit,332,332,D,slides,（コンピュータの基礎）デジタルとアナログ について正しい説明はどれか。
jit401,jit,333,333,D,slides,（コンピュータの基礎）コンピュータの歴史 について正しい説明はどれか。
jit401,jit,334,334,C,slides,（コンピュータの基礎）身の回りのコンピュータ について正しい説明はどれか。
jit401,jit,335,335,B,slides,（コンピュータの基礎）コンピュータの機能 について正しい説明はどれか。
jit401,jit,336,336,A,slides,（コンピュータの基礎）ファイル について正しい説明はどれか。
jit401,jit,337,337,A,slides,（コンピュータの基礎）フォルダ について正しい説明はどれか。
jit401,jit,338,338,A,slides,（コンピュータの基礎）ドライブ について正しい説明はどれか。
jit401,jit,339,339,A,slides,【専門用語】不公平（ふこうへい） の意味として最も適切なものはどれか。
jit401,jit,340,340,B,slides,【専門用語】フリーウェア（Freeware） の意味として最も適切なものはどれか。
jit401,jit,341,341,A,slides,【専門用語】放送権（ほうそうけん） の意味として最も適切なものはどれか。
jit401,jit,342,342,D,slides,【専門用語】実行ファイル（じっこう File） の意味として最も適切なものはどれか。
jit401,jit,343,343,A,slides,【専門用語】きげん（きかいしき） の意味として最も適切なものはどれか。
jit401,jit,344,344,D,slides,【専門用語】著作人格権（ちょさくじんかくけん） の意味として最も適切なものはどれか。
jit401,jit,345,345,D,slides,【専門用語】ネチケット（netiquette） の意味として最も適切なものはどれか。
jit401,jit,346,346,A,slides,【専門用語】漏洩（ろうえい） の意味として最も適切なものはどれか。
jit401,jit,347,347,D,slides,【専門用語】次のベトナム語の用語を日本語に直しなさい。 nhân vật
jit401,jit,348,348,C,slides,（インターネット利用）導入 について正しい説明はどれか。
jit401,jit,349,349,D,slides,（インターネット利用）ホームページ検索 について正しい説明はどれか。
jit401,jit,350,350,D,slides,（インターネット利用）Web2.0 について正しい説明はどれか。
jit401,jit,351,351,C,slides,（インターネット利用）クラウドコンピューティング について正しい説明はどれか。
jit401,jit,352,352,D,slides,（インターネット利用）メール利用の注意 について正しい説明はどれか。
jit401,jit,353,353,A,slides,（インターネット利用）法律 について正しい説明はどれか。
jit401,jit,354,354,D,slides,【専門用語】増幅器（ぞうふくき） の意味として最も適切なものはどれか。
jit401,jit,355,355,C,slides,【専門用語】電荷（でんか） の意味として最も適切なものはどれか。
jit401,jit,356,356,B,slides,【専門用語】透過（とうか） の意味として最も適切なものはどれか。
jit401,jit,357,357,B,slides,【専門用語】有機 EL ディスプレイ（ゆうき eelectroluminescence display） の意味として最も適切なものはどれか。
jit401,jit,358,358,C,slides,【専門用語】周波数帯域（ちゅうはすうたいいき） の意味として最も適切なものはどれか。
jit401,jit,359,359,A,slides,【専門用語】ブロードバンド（broadband） の意味として最も適切なものはどれか。
jit401,jit,360,360,A,slides,【専門用語】SED（Surface-conduction Electron-emitter Display） の意味として最も適切なものはどれか。
jit401,jit,361,361,A,slides,【専門用語】盗聴（とうちょう） の意味として最も適切なものはどれか。
jit401,jit,362,362,C,slides,【専門用語】次のベトナム語の用語を日本語に直しなさい。 phát sóng từng đoạn
jit401,jit,363,363,A,slides,【専門用語】次のベトナム語の用語を日本語に直しなさい。 ánh sáng phân cực
jit401,jit,364,364,D,slides,（IT機器の現状）導入 について正しい説明はどれか。
jit401,jit,365,365,A,slides,（IT機器の現状）第 3.5 世代携帯電話 について正しい説明はどれか。
jit401,jit,366,366,C,slides,（IT機器の現状）通信 について正しい説明はどれか。
jit401,jit,367,367,C,slides,（IT機器の現状）放送 について正しい説明はどれか。
jit401,jit,368,368,D,slides,（IT機器の現状）ハードウェア について正しい説明はどれか。
jit401,jit,369,369,A,slides,（IT機器の現状）ソフトウェア について正しい説明はどれか。
jit401,jit,370,370,C,slides,【専門用語】遮蔽物（しゃへいぶつ） の意味として最も適切なものはどれか。
jit401,jit,371,371,B,slides,【専門用語】ハンズフリー（hands-free） の意味として最も適切なものはどれか。
jit401,jit,372,372,D,slides,【専門用語】光ファイバ（ひかり fiber） の意味として最も適切なものはどれか。
jit401,jit,373,373,D,slides,【専門用語】ユビキタス（ubiquitous） の意味として最も適切なものはどれか。
jit401,jit,374,374,D,slides,【専門用語】POS（Point of Sale） の意味として最も適切なものはどれか。
jit401,jit,375,375,A,slides,【専門用語】コスト削減（cost さくげん） の意味として最も適切なものはどれか。
jit401,jit,376,376,B,slides,【専門用語】truyền dữ liệu có dây（55） の意味として最も適切なものはどれか。
jit401,jit,377,377,C,slides,【専門用語】受信機（じゅしんき） の意味として最も適切なものはどれか。
jit401,jit,378,378,D,slides,【専門用語】次のベトナム語の用語を日本語に直しなさい。 thẻ vi mạch không tiếp xúc
jit401,jit,379,379,C,slides,【専門用語】次のベトナム語の用語を日本語に直しなさい。 đường dây
jit401,jit,380,380,D,slides,（データ通信技術）導入 について正しい説明はどれか。
jit401,jit,381,381,C,slides,（データ通信技術）有線接続 について正しい説明はどれか。
jit401,jit,382,382,C,slides,（データ通信技術）無線通信手段 について正しい説明はどれか。
jit401,jit,383,383,A,slides,【専門用語】WAN（Wide Area Network） の意味として最も適切なものはどれか。
jit401,jit,384,384,D,slides,【専門用語】スター型（star がた） の意味として最も適切なものはどれか。
jit401,jit,385,385,B,slides,【専門用語】ネームサーバ（name server） の意味として最も適切なものはどれか。
jit401,jit,386,386,D,slides,【専門用語】犯罪的行為（はんざいてきこうい） の意味として最も適切なものはどれか。
jit401,jit,387,387,D,slides,【専門用語】大域的（たいいきてき） の意味として最も適切なものはどれか。
jit401,jit,388,388,C,slides,【専門用語】ポータブルオーディオ（portable audio） の意味として最も適切なものはどれか。
jit401,jit,389,389,B,slides,【専門用語】局所的（きょくしょてき） の意味として最も適切なものはどれか。
jit401,jit,390,390,B,slides,【専門用語】攻撃（こうげき） の意味として最も適切なものはどれか。
jit401,jit,391,391,B,slides,【専門用語】次のベトナム語の用語を日本語に直しなさい。 cấu hình kênh
jit401,jit,392,392,A,slides,【専門用語】次のベトナム語の用語を日本語に直しなさい。 thiết bị tập trung đường truyền
jit401,jit,393,393,B,slides,（ネットワーク）導入 について正しい説明はどれか。
jit401,jit,394,394,B,slides,（ネットワーク）コンピュータネットワーク について正しい説明はどれか。
jit401,jit,395,395,B,slides,（ネットワーク）インターネット について正しい説明はどれか。
jit401,jit,396,396,C,slides,（ネットワーク）ネットワークの形態 について正しい説明はどれか。
jit401,jit,397,397,B,slides,（ネットワーク）ネットワークの構成 について正しい説明はどれか。
jit401,jit,398,398,C,slides,（ネットワーク）ネットワークセキュリティ について正しい説明はどれか。
jit401,jit,399,399,A,slides,【専門用語】人工言語（じんこうげんご） の意味として最も適切なものはどれか。
jit401,jit,400,400,A,slides,【専門用語】本質的な（ほんしつてきな） の意味として最も適切なものはどれか。
jit401,jit,401,401,D,slides,【専門用語】IP アドレス（IP address） の意味として最も適切なものはどれか。
jit401,jit,402,402,B,slides,【専門用語】無償奉仕（むしょうほうし） の意味として最も適切なものはどれか。
jit401,jit,403,403,B,slides,【専門用語】サブネットマスク（subnet mask） の意味として最も適切なものはどれか。
jit401,jit,404,404,B,slides,【専門用語】大幅に（おおはばに） の意味として最も適切なものはどれか。
jit401,jit,405,405,C,slides,【専門用語】物理層（ぶつりそう） の意味として最も適切なものはどれか。
jit401,jit,406,406,D,slides,【専門用語】一覧表（いちらんひょう） の意味として最も適切なものはどれか。
jit401,jit,407,407,D,slides,【専門用語】次のベトナム語の用語を日本語に直しなさい。 giao thức mạng
jit401,jit,408,408,A,slides,【専門用語】次のベトナム語の用語を日本語に直しなさい。 phần mềm ứng dụng
jit401,jit,409,409,A,slides,（インターネット技術）プロトコル について正しい説明はどれか。
jit401,jit,410,410,B,slides,（インターネット技術）インターネット情報の流れ について正しい説明はどれか。
jit401,jit,411,411,C,slides,（インターネット技術）HTML について正しい説明はどれか。
jit401,jit,412,412,A,slides,（インターネット技術）XML について正しい説明はどれか。
jit401,jit,413,413,C,slides,【専門用語】出力結果（しゅつりょくけっか） の意味として最も適切なものはどれか。
jit401,jit,414,414,B,slides,【専門用語】オリジネータ（originator） の意味として最も適切なものはどれか。
jit401,jit,415,415,A,slides,【専門用語】匿名（とくめい） の意味として最も適切なものはどれか。
jit401,jit,416,416,D,slides,【専門用語】電子マネー（でんし money） の意味として最も適切なものはどれか。
jit401,jit,417,417,A,slides,【専門用語】BtoC 企業対消費者（Business to Consumer きぎょうたいしょうひしゃ） の意味として最も適切なものはどれか。
jit401,jit,418,418,D,slides,【専門用語】受注（じゅちゅう） の意味として最も適切なものはどれか。
jit401,jit,419,419,D,slides,【専門用語】電子商取引（でんししょうとりひき） の意味として最も適切なものはどれか。
jit401,jit,420,420,D,slides,【専門用語】次のベトナム語の用語を日本語に直しなさい。 thương mại tốc độ ánh sáng
jit401,jit,421,421,D,slides,【専門用語】次のベトナム語の用語を日本語に直しなさい。 giá trị
jit401,jit,422,422,B,slides,（ビジネスにおけるインターネット利用）導入 について正しい説明はどれか。
jit401,jit,423,423,B,slides,（ビジネスにおけるインターネット利用）電子商取引 について正しい説明はどれか。
jit401,jit,424,424,A,slides,（ビジネスにおけるインターネット利用）電子マネー について正しい説明はどれか。
jit401,jit,425,425,D,slides,（ビジネスにおけるインターネット利用）顧客管理 について正しい説明はどれか。
jit401,jit,426,426,A,slides,（ビジネスにおけるインターネット利用）個人情報保護 について正しい説明はどれか。
jit401,jit,427,427,B,slides,【専門用語】認証（にんしょう） の意味として最も適切なものはどれか。
jit401,jit,428,428,B,slides,【専門用語】復元する（ふくげんする） の意味として最も適切なものはどれか。
jit401,jit,429,429,D,slides,【専門用語】秘密鍵（ひみつかぎ） の意味として最も適切なものはどれか。
jit401,jit,430,430,D,slides,【専門用語】秘密鍵方式（ひみつかぎほうしき） の意味として最も適切なものはどれか。
jit401,jit,431,431,D,slides,【専門用語】錠（じょう） の意味として最も適切なものはどれか。
jit401,jit,432,432,D,slides,【専門用語】当人（とうにん） の意味として最も適切なものはどれか。
jit401,jit,433,433,B,slides,【専門用語】古典的（こてんてき） の意味として最も適切なものはどれか。
jit401,jit,434,434,D,slides,【専門用語】デジタル証明書（digital しょうめいしょ） の意味として最も適切なものはどれか。
jit401,jit,435,435,A,slides,【専門用語】次のベトナム語の用語を日本語に直しなさい。 mã hóa hoán vị
jit401,jit,436,436,C,slides,"【専門用語】次のベトナム語の用語を日本語に直しなさい。 xác thực , chứng nhận"
jit401,jit,437,437,A,slides,（暗号化）導入 について正しい説明はどれか。
jit401,jit,438,438,B,slides,（暗号化）古典的暗号 について正しい説明はどれか。
jit401,jit,439,439,A,slides,（暗号化）最近の暗号 について正しい説明はどれか。
jit401,jit,440,440,C,slides,（暗号化）共通鍵と公開鍵 について正しい説明はどれか。
jit401,jit,441,441,D,slides,（暗号化）SSL によるウェブ認証 について正しい説明はどれか。
jit401,jit,442,442,A,slides,【専門用語】パターンファイル（pattern file） の意味として最も適切なものはどれか。
jit401,jit,443,443,A,slides,【専門用語】踏み台（ふみだい） の意味として最も適切なものはどれか。
jit401,jit,444,444,A,slides,【専門用語】悪用する（あくようする） の意味として最も適切なものはどれか。
jit401,jit,445,445,A,slides,【専門用語】即座に（そくざに） の意味として最も適切なものはどれか。
jit401,jit,446,446,A,slides,【専門用語】挙動（きょどう） の意味として最も適切なものはどれか。
jit401,jit,447,447,B,slides,【専門用語】不正侵入（ふせいしんにゅう） の意味として最も適切なものはどれか。
jit401,jit,448,448,A,slides,【専門用語】thời gian trung bình để sửa chữa（55） の意味として最も適切なものはどれか。
jit401,jit,449,449,C,slides,【専門用語】信頼度成長曲線（しんらいどせいちょう きょくせん） の意味として最も適切なものはどれか。
jit401,jit,450,450,C,slides,【専門用語】次のベトナム語の用語を日本語に直しなさい。 đặc biệt chú ý
jit401,jit,451,451,D,slides,【専門用語】次のベトナム語の用語を日本語に直しなさい。 ngay tức thời
jit401,jit,452,452,D,slides,（セキュリティ）導入 について正しい説明はどれか。
jit401,jit,453,453,D,slides,（セキュリティ）事故 について正しい説明はどれか。
jit401,jit,454,454,A,slides,（セキュリティ）ウィルス について正しい説明はどれか。
jit401,jit,455,455,D,slides,（セキュリティ）サーバに対する攻撃 について正しい説明はどれか。
jit401,jit,456,456,D,slides,（セキュリティ）パスワード窃盗 について正しい説明はどれか。
jit401,jit,457,457,A,slides,（セキュリティ）利用上の注意点 について正しい説明はどれか。
jit401,jit,458,458,B,slides,（セキュリティ）システムの安全性評価 について正しい説明はどれか。
jit401,jit,459,459,A,slides,【専門用語】出力装置（しゅつりょくそうち） の意味として最も適切なものはどれか。
jit401,jit,460,460,B,slides,【専門用語】クロック（clock） の意味として最も適切なものはどれか。
jit401,jit,461,461,C,slides,【専門用語】グラフィックプロセッサ（graphic processor） の意味として最も適切なものはどれか。
jit401,jit,462,462,B,slides,【専門用語】チップセット（chip set） の意味として最も適切なものはどれか。
jit401,jit,463,463,A,slides,【専門用語】USB（Universal System Bus） の意味として最も適切なものはどれか。
jit401,jit,464,464,A,slides,【専門用語】基板（きばん） の意味として最も適切なものはどれか。
jit401,jit,465,465,A,slides,【専門用語】演算装置（えんざんそうち） の意味として最も適切なものはどれか。
jit401,jit,466,466,A,slides,【専門用語】整数（せいすう） の意味として最も適切なものはどれか。
jit401,jit,467,467,C,slides,【専門用語】次のベトナム語の用語を日本語に直しなさい。 cung từ
jit401,jit,468,468,B,slides,【専門用語】次のベトナム語の用語を日本語に直しなさい。 解像度
jit401,jit,469,469,C,slides,（コンピュータの構造）導入 について正しい説明はどれか。
jit401,jit,470,470,D,slides,（コンピュータの構造）コンピュータの構成要素 について正しい説明はどれか。
jit401,jit,471,471,B,slides,（コンピュータの構造）パソコンの内部構成 について正しい説明はどれか。
jit401,jit,472,472,C,slides,（コンピュータの構造）記憶装置の特徴 について正しい説明はどれか。
jit401,jit,473,473,D,slides,（コンピュータの構造）半導体メモリ について正しい説明はどれか。
jit401,jit,474,474,A,slides,（コンピュータの構造）CPU について正しい説明はどれか。
jit401,jit,475,475,C,slides,【専門用語】余る（あまる） の意味として最も適切なものはどれか。
jit401,jit,476,476,D,slides,【専門用語】削る（けずる） の意味として最も適切なものはどれか。
jit401,jit,477,477,B,slides,【専門用語】ダイオード（diode） の意味として最も適切なものはどれか。
jit401,jit,478,478,C,slides,【専門用語】半導体（はんどうたい） の意味として最も適切なものはどれか。
jit401,jit,479,479,D,slides,【専門用語】電球（でんきゅう） の意味として最も適切なものはどれか。
jit401,jit,480,480,A,slides,【専門用語】発光ダイオード LED（はっこう diode Light Emitting Diode） の意味として最も適切なものはどれか。
jit401,jit,481,481,A,slides,【専門用語】論理積（ろんりせき） の意味として最も適切なものはどれか。
jit401,jit,482,482,C,slides,【専門用語】論理素子（ろんりそし） の意味として最も適切なものはどれか。
jit401,jit,483,483,D,slides,【専門用語】次のベトナム語の用語を日本語に直しなさい。 mạch OR
jit401,jit,484,484,B,slides,【専門用語】次のベトナム語の用語を日本語に直しなさい。 bán dẫn
jit401,jit,485,485,B,slides,（CPUの動作原理）導入 について正しい説明はどれか。
jit401,jit,486,486,C,slides,（CPUの動作原理）CPU の動作 について正しい説明はどれか。
jit401,jit,487,487,C,slides,（CPUの動作原理）論理素子の歴史 について正しい説明はどれか。
jit401,jit,488,488,D,slides,（CPUの動作原理）論理素子の動作原理 について正しい説明はどれか。
jit401,jit,489,489,A,slides,（CPUの動作原理）論理回路 について正しい説明はどれか。
jit401,jit,490,490,D,slides,【専門用語】基数（きすう） の意味として最も適切なものはどれか。
jit401,jit,491,491,A,slides,【専門用語】16 進数（じゅうろくしんすう） の意味として最も適切なものはどれか。
jit401,jit,492,492,B,slides,【専門用語】書き並べる（かきならべる） の意味として最も適切なものはどれか。
jit401,jit,493,493,D,slides,【専門用語】10 進数（じっしんすう） の意味として最も適切なものはどれか。
jit401,jit,494,494,D,slides,【専門用語】合計する（ごうけいする） の意味として最も適切なものはどれか。
jit401,jit,495,495,B,slides,【専門用語】テイラー展開（Taylor てんかい） の意味として最も適切なものはどれか。
jit401,jit,496,496,A,slides,【専門用語】加減乗除（かげんじょうじょ） の意味として最も適切なものはどれか。
jit401,jit,497,497,A,slides,【専門用語】余り（あまり） の意味として最も適切なものはどれか。
jit401,jit,498,498,D,slides,【専門用語】次のベトナム語の用語を日本語に直しなさい。 hàm số toán học
jit401,jit,499,499,B,slides,【専門用語】次のベトナム語の用語を日本語に直しなさい。 sai số
jit401,jit,500,500,C,slides,（演算処理）導入 について正しい説明はどれか。
jit401,jit,501,501,A,slides,（演算処理）基数 について正しい説明はどれか。
jit401,jit,502,502,B,slides,（演算処理）2 進数と 10 進数の変換 について正しい説明はどれか。
jit401,jit,503,503,C,slides,（演算処理）桁数の多い足し算 について正しい説明はどれか。
jit401,jit,504,504,B,slides,（演算処理）負の表現 について正しい説明はどれか。
jit401,jit,505,505,B,slides,（演算処理）かけ算・割り算 について正しい説明はどれか。
jit401,jit,506,506,A,slides,（演算処理）数学関数 について正しい説明はどれか。
jit401,jit,507,507,B,slides,【専門用語】性能（せいのう） の意味として最も適切なものはどれか。
jit401,jit,508,508,B,slides,【専門用語】客観的（きゃっかんてき） の意味として最も適切なものはどれか。
jit401,jit,509,509,D,slides,【専門用語】改行コード（かいぎょう code） の意味として最も適切なものはどれか。
jit401,jit,510,510,A,slides,【専門用語】JIS コード（Japanese Industrial Standard code） の意味として最も適切なものはどれか。
jit401,jit,511,511,B,slides,【専門用語】オペレーティング システム（operating system） の意味として最も適切なものはどれか。
jit401,jit,512,512,C,slides,【専門用語】主観的（しゅかんてき） の意味として最も適切なものはどれか。
jit401,jit,513,513,C,slides,【専門用語】指摘する（してきする） の意味として最も適切なものはどれか。
jit401,jit,514,514,C,slides,【専門用語】最小単位（さいしょうたんい） の意味として最も適切なものはどれか。
jit401,jit,515,515,A,slides,【専門用語】次のベトナム語の用語を日本語に直しなさい。 bảng mã chuẩn công nghiệp Nhật Bản
jit401,jit,516,516,A,slides,【専門用語】次のベトナム語の用語を日本語に直しなさい。 bảng mã ASCII
jit401,jit,517,517,C,slides,（情報量）導入 について正しい説明はどれか。
jit401,jit,518,518,C,slides,（情報量）情報量 について正しい説明はどれか。
jit401,jit,519,519,C,slides,（情報量）文字コード について正しい説明はどれか。
jit401,jit,520,520,A,slides,【専門用語】インクジェット プリンタ（inkjet printer） の意味として最も適切なものはどれか。
jit401,jit,521,521,B,slides,【専門用語】原色（げんしょく） の意味として最も適切なものはどれか。
jit401,jit,522,522,C,slides,【専門用語】量子化数（りょうしかすう） の意味として最も適切なものはどれか。
jit401,jit,523,523,D,slides,【専門用語】音符（おんぷ） の意味として最も適切なものはどれか。
jit401,jit,524,524,D,slides,【専門用語】特殊なコード（とくしゅな code） の意味として最も適切なものはどれか。
jit401,jit,525,525,A,slides,【専門用語】縦横（たてよこ） の意味として最も適切なものはどれか。
jit401,jit,526,526,C,slides,【専門用語】静止画像（せいしがぞう） の意味として最も適切なものはどれか。
jit401,jit,527,527,C,slides,【専門用語】接続端子（せつぞくたんし） の意味として最も適切なものはどれか。
jit401,jit,528,528,B,slides,"【専門用語】次のベトナム語の用語を日本語に直しなさい。 mảnh giấy nhỏ , dài"
jit401,jit,529,529,C,slides,【専門用語】次のベトナム語の用語を日本語に直しなさい。 nốt nhạc
jit401,jit,530,530,D,slides,（マルチメディア表現）導入 について正しい説明はどれか。
jit401,jit,531,531,A,slides,（マルチメディア表現）MIDI 楽曲情報 について正しい説明はどれか。
jit401,jit,532,532,D,slides,（マルチメディア表現）音声情報 について正しい説明はどれか。
jit401,jit,533,533,C,slides,（マルチメディア表現）静止画像 について正しい説明はどれか。
jit401,jit,534,534,B,slides,（マルチメディア表現）動画像 について正しい説明はどれか。
jit401,jit,535,535,B,slides,【専門用語】パリティチェック（parity check） の意味として最も適切なものはどれか。
jit401,jit,536,536,A,slides,【専門用語】判定（はんてい） の意味として最も適切なものはどれか。
jit401,jit,537,537,D,slides,【専門用語】差分（さぶん） の意味として最も適切なものはどれか。
jit401,jit,538,538,A,slides,【専門用語】不可逆（ふかぎゃく） の意味として最も適切なものはどれか。
jit401,jit,539,539,D,slides,【専門用語】BPS（Bit Per Second） の意味として最も適切なものはどれか。
jit401,jit,540,540,A,slides,【専門用語】損なう（そこなう） の意味として最も適切なものはどれか。
jit401,jit,541,541,B,slides,【専門用語】プロセッサー（processor） の意味として最も適切なものはどれか。
jit401,jit,542,542,A,slides,【専門用語】車線（しゃせん） の意味として最も適切なものはどれか。
jit401,jit,543,543,A,slides,【専門用語】次のベトナム語の用語を日本語に直しなさい。 bậc lẻ
jit401,jit,544,544,C,slides,【専門用語】次のベトナム語の用語を日本語に直しなさい。 kiểu nhị phân
jit401,jit,545,545,D,slides,（データ通信）導入 について正しい説明はどれか。
jit401,jit,546,546,B,slides,（データ通信）通信の情報量 について正しい説明はどれか。
jit401,jit,547,547,D,slides,（データ通信）文字情報圧縮 について正しい説明はどれか。
jit401,jit,548,548,D,slides,（データ通信）音声情報圧縮 について正しい説明はどれか。
jit401,jit,549,549,A,slides,（データ通信）画像情報圧縮 について正しい説明はどれか。
jit401,jit,550,550,C,slides,【専門用語】ガレージ（ｇ arage） の意味として最も適切なものはどれか。
jit401,jit,551,551,A,slides,【専門用語】LINUX（リナックス） の意味として最も適切なものはどれか。
jit401,jit,552,552,C,slides,【専門用語】UNIX（ユニックス） の意味として最も適切なものはどれか。
jit401,jit,553,553,D,slides,【専門用語】中身（なかみ） の意味として最も適切なものはどれか。
jit401,jit,554,554,C,slides,【専門用語】相違（そうい） の意味として最も適切なものはどれか。
jit401,jit,555,555,C,slides,【専門用語】スワッピング（s wapping） の意味として最も適切なものはどれか。
jit401,jit,556,556,C,slides,【専門用語】マルチユーザ（multiuser） の意味として最も適切なものはどれか。
jit401,jit,557,557,D,slides,【専門用語】次のベトナム語の用語を日本語に直しなさい。 trung gian
jit401,jit,558,558,C,slides,"【専門用語】次のベトナム語の用語を日本語に直しなさい。 tiến xa , nhảy vọt"
jit401,jit,559,559,C,slides,（オペレーティングシステム）導入 について正しい説明はどれか。
jit401,jit,560,560,A,slides,（オペレーティングシステム）オペレーティングシステムとは について正しい説明はどれか。
jit401,jit,561,561,C,slides,（オペレーティングシステム）OS の機能 について正しい説明はどれか。
jit401,jit,562,562,B,slides,（オペレーティングシステム）OS の種類 について正しい説明はどれか。
jit401,jit,563,563,D,slides,【専門用語】階層構造（かいそうこうぞう） の意味として最も適切なものはどれか。
jit401,jit,564,564,D,slides,【専門用語】起動（きどう） の意味として最も適切なものはどれか。
jit401,jit,565,565,A,slides,【専門用語】リレーショナル 表現（Relational ひょうげん） の意味として最も適切なものはどれか。
jit401,jit,566,566,A,slides,【専門用語】網的表現（あみてきひょうげん） の意味として最も適切なものはどれか。
jit401,jit,567,567,A,slides,【専門用語】急激（きゅうげき） の意味として最も適切なものはどれか。
jit401,jit,568,568,D,slides,【専門用語】自然な結合（しぜんなけつごう） の意味として最も適切なものはどれか。
jit401,jit,569,569,C,slides,【専門用語】共通部分（きょうつうぶぶん） の意味として最も適切なものはどれか。
jit401,jit,570,570,B,slides,【専門用語】実用性（じつようせい） の意味として最も適切なものはどれか。
jit401,jit,571,571,C,slides,【専門用語】次のベトナム語の用語を日本語に直しなさい。 danh sách sinh viên
jit401,jit,572,572,D,slides,"【専門用語】次のベトナム語の用語を日本語に直しなさい。 sổ địa chỉ, danh bạ"
jit401,jit,573,573,D,slides,（データベース理論）導入 について正しい説明はどれか。
jit401,jit,574,574,C,slides,（データベース理論）データベースとは について正しい説明はどれか。
jit401,jit,575,575,C,slides,（データベース理論）データベースの表現法 について正しい説明はどれか。
jit401,jit,576,576,B,slides,（データベース理論）関係的表現のデータ操作 について正しい説明はどれか。
jit401,jit,577,577,C,slides,【専門用語】昇順（しょうじゅん） の意味として最も適切なものはどれか。
jit401,jit,578,578,A,slides,【専門用語】更新（こうしん） の意味として最も適切なものはどれか。
jit401,jit,579,579,A,slides,【専門用語】削除（さくじょ） の意味として最も適切なものはどれか。
jit401,jit,580,580,A,slides,【専門用語】SQL（Structured Query Language） の意味として最も適切なものはどれか。
jit401,jit,581,581,B,slides,【専門用語】要素名（ようそめい） の意味として最も適切なものはどれか。
jit401,jit,582,582,D,slides,【専門用語】構文（こうぶん） の意味として最も適切なものはどれか。
jit401,jit,583,583,A,slides,【専門用語】ワイルドカード（wildcard） の意味として最も適切なものはどれか。
jit401,jit,584,584,C,slides,【専門用語】降順（こうじゅん） の意味として最も適切なものはどれか。
jit401,jit,585,585,D,slides,【専門用語】次のベトナム語の用語を日本語に直しなさい。 ký tự đại diện
jit401,jit,586,586,B,slides,【専門用語】次のベトナム語の用語を日本語に直しなさい。 trực dịch
jit401,jit,587,587,B,slides,（データベース記述）導入 について正しい説明はどれか。
jit401,jit,588,588,D,slides,（データベース記述）SQL とは について正しい説明はどれか。
jit401,jit,589,589,C,slides,（データベース記述）SQL の基本構文 について正しい説明はどれか。
jit401,jit,590,590,A,slides,（データベース記述）条件検索 について正しい説明はどれか。
jit401,jit,591,591,C,slides,（データベース記述）並べ替え について正しい説明はどれか。
jit401,jit,592,592,D,slides,（データベース記述）結合 について正しい説明はどれか。
jit401,jit,593,593,C,slides,【専門用語】動作（どうさ） の意味として最も適切なものはどれか。
jit401,jit,594,594,A,slides,【専門用語】蓄える（たくわえる） の意味として最も適切なものはどれか。
jit401,jit,595,595,A,slides,【専門用語】低級言語（ていきゅうげんご） の意味として最も適切なものはどれか。
jit401,jit,596,596,B,slides,【専門用語】定型的（ていけいてき） の意味として最も適切なものはどれか。
jit401,jit,597,597,A,slides,【専門用語】四則演算（しそくえんざん） の意味として最も適切なものはどれか。
jit401,jit,598,598,B,slides,【専門用語】コンパイラ（compiler） の意味として最も適切なものはどれか。
jit401,jit,599,599,A,slides,【専門用語】添え字（そえじ） の意味として最も適切なものはどれか。
jit401,jit,600,600,A,slides,【専門用語】XML 言語（XML げんご） の意味として最も適切なものはどれか。
jit401,jit,601,601,D,slides,【専門用語】次のベトナム語の用語を日本語に直しなさい。 hoạt động bên trong
jit401,jit,602,602,C,slides,【専門用語】次のベトナム語の用語を日本語に直しなさい。 tích trữ
jit401,jit,603,603,C,slides,（プログラミングの基礎）導入 について正しい説明はどれか。
jit401,jit,604,604,C,slides,（プログラミングの基礎）プログラミング言語 について正しい説明はどれか。
jit401,jit,605,605,C,slides,（プログラミングの基礎）プログラムの内部動作 について正しい説明はどれか。
jit401,jit,606,606,B,slides,（プログラミングの基礎）高級言語の基本処理 について正しい説明はどれか。
jit401,jit,607,607,D,slides,（プログラミングの基礎）オブジェクト指向 について正しい説明はどれか。
jit401,jit,608,608,B,slides,【専門用語】頻繁（ひんぱん） の意味として最も適切なものはどれか。
jit401,jit,609,609,B,slides,【専門用語】エラー対策（error たいさく） の意味として最も適切なものはどれか。
jit401,jit,610,610,B,slides,【専門用語】書き下す（かきくだす） の意味として最も適切なものはどれか。
jit401,jit,611,611,B,slides,【専門用語】試行錯誤（しこうさくご） の意味として最も適切なものはどれか。
jit401,jit,612,612,A,slides,【専門用語】フローチャート（flowchart） の意味として最も適切なものはどれか。
jit401,jit,613,613,C,slides,【専門用語】投入（とうにゅう） の意味として最も適切なものはどれか。
jit401,jit,614,614,A,slides,【専門用語】身振り（みぶり） の意味として最も適切なものはどれか。
jit401,jit,615,615,D,slides,【専門用語】バブルソート（bubble sort） の意味として最も適切なものはどれか。
jit401,jit,616,616,A,slides,【専門用語】次のベトナム語の用語を日本語に直しなさい。 màn hình sử dụng trong không gian ảo
jit401,jit,617,617,C,slides,【専門用語】次のベトナム語の用語を日本語に直しなさい。 sắp xếp nổi bọt
jit401,jit,618,618,D,slides,（アルゴリズム）導入 について正しい説明はどれか。
jit401,jit,619,619,B,slides,（アルゴリズム）アルゴリズム について正しい説明はどれか。
jit401,jit,620,620,B,slides,（アルゴリズム）フローチャート について正しい説明はどれか。
jit401,jit,621,621,A,slides,（アルゴリズム）ソーティング について正しい説明はどれか。
jit401,jit,622,622,D,slides,（アルゴリズム）ヒューマンインタフェースの設計 について正しい説明はどれか。